year,R20mm,Station
1901,6,61700004063
1902,2,61700004063
1903,2,61700004063
1904,0,61700004063
1905,2,61700004063
1906,5,61700004063
1907,1,61700004063
1908,2,61700004063
1909,1,61700004063
1910,4,61700004063
1911,0,61700004063
1912,0,61700004063
1913,3,61700004063
1914,4,61700004063
1915,0,61700004063
1916,-99.9,61700004063
1917,3,61700004063
1918,0,61700004063
1919,3,61700004063
1920,3,61700004063
1921,0,61700004063
1922,5,61700004063
1923,2,61700004063
1924,2,61700004063
1925,2,61700004063
1926,3,61700004063
1927,5,61700004063
1928,1,61700004063
1929,0,61700004063
1930,3,61700004063
1931,2,61700004063
1932,1,61700004063
1933,3,61700004063
1934,4,61700004063
1935,6,61700004063
1936,4,61700004063
1937,3,61700004063
1938,1,61700004063
1939,2,61700004063
1940,6,61700004063
1941,5,61700004063
1942,3,61700004063
1943,2,61700004063
1944,4,61700004063
1945,6,61700004063
1946,3,61700004063
1947,2,61700004063
1948,3,61700004063
1949,2,61700004063
1950,3,61700004063
1951,3,61700004063
1952,5,61700004063
1953,2,61700004063
1954,3,61700004063
1955,3,61700004063
1956,6,61700004063
1957,2,61700004063
1958,2,61700004063
1959,4,61700004063
1960,2,61700004063
1961,2,61700004063
1962,0,61700004063
1963,4,61700004063
1964,1,61700004063
1965,5,61700004063
1966,3,61700004063
1967,3,61700004063
1968,5,61700004063
1969,4,61700004063
1970,3,61700004063
1971,5,61700004063
1972,3,61700004063
1973,2,61700004063
1974,1,61700004063
1975,1,61700004063
1976,2,61700004063
1977,1,61700004063
1978,5,61700004063
1979,2,61700004063
1980,4,61700004063
1981,4,61700004063
1982,1,61700004063
1983,3,61700004063
1984,5,61700004063
1985,1,61700004063
1986,0,61700004063
1987,5,61700004063
1988,1,61700004063
1989,4,61700004063
1990,2,61700004063
1991,2,61700004063
1992,4,61700004063
1993,2,61700004063
1994,2,61700004063
1995,6,61700004063
1996,5,61700004063
1997,2,61700004063
1998,6,61700004063
1999,2,61700004063
1879,-99.9,LOCID000043
1880,-99.9,LOCID000043
1881,-99.9,LOCID000043
1882,-99.9,LOCID000043
1883,-99.9,LOCID000043
1884,-99.9,LOCID000043
1885,-99.9,LOCID000043
1886,-99.9,LOCID000043
1887,-99.9,LOCID000043
1888,-99.9,LOCID000043
1889,-99.9,LOCID000043
1890,-99.9,LOCID000043
1891,3,LOCID000043
1892,1,LOCID000043
1893,1,LOCID000043
1894,5,LOCID000043
1895,2,LOCID000043
1896,4,LOCID000043
1897,3,LOCID000043
1898,2,LOCID000043
1899,1,LOCID000043
1900,4,LOCID000043
1901,4,LOCID000043
1902,1,LOCID000043
1903,4,LOCID000043
1904,1,LOCID000043
1905,5,LOCID000043
1906,5,LOCID000043
1907,2,LOCID000043
1908,3,LOCID000043
1909,3,LOCID000043
1910,4,LOCID000043
1911,3,LOCID000043
1912,4,LOCID000043
1913,2,LOCID000043
1914,7,LOCID000043
1915,4,LOCID000043
1916,5,LOCID000043
1917,2,LOCID000043
1918,6,LOCID000043
1919,0,LOCID000043
1920,2,LOCID000043
1921,6,LOCID000043
1922,4,LOCID000043
1923,1,LOCID000043
1924,3,LOCID000043
1925,5,LOCID000043
1926,4,LOCID000043
1927,5,LOCID000043
1928,5,LOCID000043
1929,2,LOCID000043
1930,6,LOCID000043
1931,9,LOCID000043
1932,1,LOCID000043
1933,2,LOCID000043
1934,1,LOCID000043
1935,2,LOCID000043
1936,3,LOCID000043
1937,4,LOCID000043
1938,1,LOCID000043
1939,5,LOCID000043
1940,1,LOCID000043
1941,2,LOCID000043
1942,3,LOCID000043
1943,2,LOCID000043
1944,0,LOCID000043
1945,4,LOCID000043
1946,5,LOCID000043
1947,4,LOCID000043
1948,5,LOCID000043
1949,5,LOCID000043
1950,5,LOCID000043
1951,5,LOCID000043
1952,0,LOCID000043
1953,2,LOCID000043
1954,7,LOCID000043
1955,4,LOCID000043
1956,1,LOCID000043
1957,2,LOCID000043
1958,3,LOCID000043
1959,0,LOCID000043
1960,7,LOCID000043
1961,4,LOCID000043
1962,2,LOCID000043
1963,2,LOCID000043
1964,0,LOCID000043
1965,6,LOCID000043
1966,5,LOCID000043
1967,4,LOCID000043
1968,5,LOCID000043
1969,5,LOCID000043
1970,4,LOCID000043
1971,2,LOCID000043
1972,1,LOCID000043
1973,1,LOCID000043
1974,4,LOCID000043
1975,2,LOCID000043
1976,0,LOCID000043
1977,2,LOCID000043
1978,4,LOCID000043
1979,1,LOCID000043
1980,5,LOCID000043
1981,4,LOCID000043
1982,2,LOCID000043
1983,3,LOCID000043
1984,5,LOCID000043
1985,2,LOCID000043
1986,5,LOCID000043
1987,3,LOCID000043
1988,2,LOCID000043
1989,4,LOCID000043
1990,6,LOCID000043
1991,3,LOCID000043
1992,5,LOCID000043
1993,5,LOCID000043
1994,4,LOCID000043
1995,2,LOCID000043
1996,2,LOCID000043
1997,2,LOCID000043
1998,7,LOCID000043
1999,1,LOCID000043
2000,1,LOCID000043
2001,5,LOCID000043
2002,6,LOCID000043
2003,3,LOCID000043
2004,5,LOCID000043
1879,-99.9,LOCID000042
1880,-99.9,LOCID000042
1881,-99.9,LOCID000042
1882,-99.9,LOCID000042
1883,-99.9,LOCID000042
1884,-99.9,LOCID000042
1885,-99.9,LOCID000042
1886,-99.9,LOCID000042
1887,-99.9,LOCID000042
1888,-99.9,LOCID000042
1889,-99.9,LOCID000042
1890,-99.9,LOCID000042
1891,3,LOCID000042
1892,1,LOCID000042
1893,1,LOCID000042
1894,5,LOCID000042
1895,2,LOCID000042
1896,4,LOCID000042
1897,3,LOCID000042
1898,2,LOCID000042
1899,1,LOCID000042
1900,4,LOCID000042
1901,4,LOCID000042
1902,1,LOCID000042
1903,4,LOCID000042
1904,1,LOCID000042
1905,5,LOCID000042
1906,5,LOCID000042
1907,2,LOCID000042
1908,3,LOCID000042
1909,3,LOCID000042
1910,4,LOCID000042
1911,3,LOCID000042
1912,4,LOCID000042
1913,1,LOCID000042
1914,6,LOCID000042
1915,3,LOCID000042
1916,2,LOCID000042
1917,2,LOCID000042
1918,3,LOCID000042
1919,0,LOCID000042
1920,1,LOCID000042
1921,1,LOCID000042
1922,3,LOCID000042
1923,2,LOCID000042
1924,5,LOCID000042
1925,3,LOCID000042
1926,4,LOCID000042
1927,6,LOCID000042
1928,3,LOCID000042
1929,3,LOCID000042
1930,5,LOCID000042
1931,8,LOCID000042
1932,2,LOCID000042
1933,4,LOCID000042
1934,3,LOCID000042
1935,4,LOCID000042
1936,4,LOCID000042
1937,6,LOCID000042
1938,3,LOCID000042
1939,3,LOCID000042
1940,1,LOCID000042
1941,6,LOCID000042
1942,3,LOCID000042
1943,1,LOCID000042
1944,0,LOCID000042
1945,6,LOCID000042
1946,4,LOCID000042
1947,2,LOCID000042
1948,5,LOCID000042
1949,5,LOCID000042
1950,4,LOCID000042
1951,8,LOCID000042
1952,0,LOCID000042
1953,2,LOCID000042
1954,5,LOCID000042
1955,4,LOCID000042
1956,3,LOCID000042
1957,1,LOCID000042
1958,2,LOCID000042
1959,1,LOCID000042
1960,8,LOCID000042
1961,5,LOCID000042
1962,0,LOCID000042
1963,2,LOCID000042
1964,0,LOCID000042
1965,6,LOCID000042
1966,5,LOCID000042
1967,4,LOCID000042
1968,5,LOCID000042
1969,5,LOCID000042
1970,4,LOCID000042
1971,2,LOCID000042
1972,1,LOCID000042
1973,1,LOCID000042
1974,4,LOCID000042
1975,2,LOCID000042
1976,0,LOCID000042
1977,2,LOCID000042
1978,4,LOCID000042
1979,1,LOCID000042
1980,5,LOCID000042
1981,4,LOCID000042
1982,2,LOCID000042
1983,3,LOCID000042
1984,5,LOCID000042
1985,2,LOCID000042
1986,5,LOCID000042
1987,3,LOCID000042
1988,2,LOCID000042
1989,4,LOCID000042
1990,6,LOCID000042
1991,3,LOCID000042
1992,5,LOCID000042
1993,5,LOCID000042
1994,4,LOCID000042
1995,2,LOCID000042
1996,2,LOCID000042
1997,2,LOCID000042
1998,7,LOCID000042
1999,1,LOCID000042
2000,1,LOCID000042
2001,5,LOCID000042
2002,6,LOCID000042
2003,3,LOCID000042
2004,5,LOCID000042
1870,3,LOCID000040
1871,4,LOCID000040
1872,3,LOCID000040
1873,3,LOCID000040
1874,2,LOCID000040
1875,5,LOCID000040
1876,4,LOCID000040
1877,2,LOCID000040
1878,4,LOCID000040
1879,4,LOCID000040
1880,5,LOCID000040
1881,3,LOCID000040
1882,5,LOCID000040
1883,3,LOCID000040
1884,2,LOCID000040
1885,4,LOCID000040
1886,0,LOCID000040
1887,0,LOCID000040
1888,1,LOCID000040
1889,1,LOCID000040
1890,3,LOCID000040
1891,2,LOCID000040
1892,1,LOCID000040
1893,1,LOCID000040
1894,1,LOCID000040
1895,3,LOCID000040
1896,3,LOCID000040
1897,2,LOCID000040
1898,2,LOCID000040
1899,1,LOCID000040
1900,1,LOCID000040
1901,5,LOCID000040
1902,2,LOCID000040
1903,1,LOCID000040
1904,5,LOCID000040
1905,2,LOCID000040
1906,1,LOCID000040
1907,1,LOCID000040
1908,3,LOCID000040
1909,4,LOCID000040
1910,2,LOCID000040
1911,1,LOCID000040
1912,2,LOCID000040
1913,2,LOCID000040
1914,2,LOCID000040
1915,0,LOCID000040
1916,2,LOCID000040
1917,1,LOCID000040
1918,1,LOCID000040
1919,2,LOCID000040
1920,2,LOCID000040
1921,2,LOCID000040
1922,7,LOCID000040
1923,2,LOCID000040
1924,6,LOCID000040
1925,1,LOCID000040
1926,1,LOCID000040
1927,3,LOCID000040
1928,3,LOCID000040
1929,2,LOCID000040
1930,7,LOCID000040
1931,7,LOCID000040
1932,7,LOCID000040
1933,0,LOCID000040
1934,2,LOCID000040
1935,5,LOCID000040
1936,3,LOCID000040
1937,2,LOCID000040
1938,2,LOCID000040
1939,2,LOCID000040
1940,9,LOCID000040
1941,4,LOCID000040
1942,4,LOCID000040
1943,4,LOCID000040
1944,5,LOCID000040
1945,-99.9,LOCID000040
1946,4,LOCID000040
1947,3,LOCID000040
1948,2,LOCID000040
1949,3,LOCID000040
1950,6,LOCID000040
1951,1,LOCID000040
1952,2,LOCID000040
1953,3,LOCID000040
1954,2,LOCID000040
1955,3,LOCID000040
1956,6,LOCID000040
1957,2,LOCID000040
1958,3,LOCID000040
1959,0,LOCID000040
1960,4,LOCID000040
1961,5,LOCID000040
1962,1,LOCID000040
1963,5,LOCID000040
1964,1,LOCID000040
1965,5,LOCID000040
1966,2,LOCID000040
1967,3,LOCID000040
1968,6,LOCID000040
1969,1,LOCID000040
1970,1,LOCID000040
1971,1,LOCID000040
1972,5,LOCID000040
1973,1,LOCID000040
1974,1,LOCID000040
1975,4,LOCID000040
1976,0,LOCID000040
1977,6,LOCID000040
1978,5,LOCID000040
1979,2,LOCID000040
1980,2,LOCID000040
1981,8,LOCID000040
1982,4,LOCID000040
1983,2,LOCID000040
1984,2,LOCID000040
1985,0,LOCID000040
1986,2,LOCID000040
1987,3,LOCID000040
1988,4,LOCID000040
1989,3,LOCID000040
1990,2,LOCID000040
1991,0,LOCID000040
1992,0,LOCID000040
1993,4,LOCID000040
1994,4,LOCID000040
1995,3,LOCID000040
1996,0,LOCID000040
1997,1,LOCID000040
1998,5,LOCID000040
1999,3,LOCID000040
2000,2,LOCID000040
2001,2,LOCID000040
2002,3,LOCID000040
2003,1,LOCID000040
2004,3,LOCID000040
1879,-99.9,LOCID000054
1880,-99.9,LOCID000054
1881,-99.9,LOCID000054
1882,-99.9,LOCID000054
1883,-99.9,LOCID000054
1884,-99.9,LOCID000054
1885,-99.9,LOCID000054
1886,-99.9,LOCID000054
1887,-99.9,LOCID000054
1888,-99.9,LOCID000054
1889,-99.9,LOCID000054
1890,-99.9,LOCID000054
1891,-99.9,LOCID000054
1892,-99.9,LOCID000054
1893,-99.9,LOCID000054
1894,-99.9,LOCID000054
1895,-99.9,LOCID000054
1896,-99.9,LOCID000054
1897,-99.9,LOCID000054
1898,-99.9,LOCID000054
1899,-99.9,LOCID000054
1900,-99.9,LOCID000054
1901,21,LOCID000054
1902,9,LOCID000054
1903,18,LOCID000054
1904,15,LOCID000054
1905,9,LOCID000054
1906,16,LOCID000054
1907,11,LOCID000054
1908,9,LOCID000054
1909,10,LOCID000054
1910,27,LOCID000054
1911,1,LOCID000054
1912,12,LOCID000054
1913,9,LOCID000054
1914,8,LOCID000054
1915,14,LOCID000054
1916,18,LOCID000054
1917,11,LOCID000054
1918,12,LOCID000054
1919,5,LOCID000054
1920,12,LOCID000054
1921,9,LOCID000054
1922,11,LOCID000054
1923,6,LOCID000054
1924,9,LOCID000054
1925,9,LOCID000054
1926,18,LOCID000054
1927,10,LOCID000054
1928,9,LOCID000054
1929,22,LOCID000054
1930,24,LOCID000054
1931,14,LOCID000054
1932,14,LOCID000054
1933,40,LOCID000054
1934,32,LOCID000054
1935,38,LOCID000054
1936,43,LOCID000054
1937,44,LOCID000054
1938,31,LOCID000054
1939,36,LOCID000054
1940,12,LOCID000054
1941,9,LOCID000054
1942,3,LOCID000054
1943,7,LOCID000054
1944,19,LOCID000054
1945,-99.9,LOCID000054
1946,2,LOCID000054
1947,6,LOCID000054
1948,5,LOCID000054
1949,9,LOCID000054
1950,17,LOCID000054
1951,26,LOCID000054
1952,34,LOCID000054
1953,18,LOCID000054
1954,34,LOCID000054
1955,30,LOCID000054
1956,29,LOCID000054
1957,18,LOCID000054
1958,32,LOCID000054
1959,21,LOCID000054
1960,18,LOCID000054
1961,22,LOCID000054
1962,35,LOCID000054
1963,18,LOCID000054
1964,29,LOCID000054
1965,41,LOCID000054
1966,43,LOCID000054
1967,26,LOCID000054
1968,28,LOCID000054
1969,17,LOCID000054
1970,43,LOCID000054
1971,21,LOCID000054
1972,23,LOCID000054
1973,32,LOCID000054
1974,37,LOCID000054
1975,19,LOCID000054
1976,27,LOCID000054
1977,29,LOCID000054
1978,24,LOCID000054
1979,38,LOCID000054
1980,40,LOCID000054
1981,43,LOCID000054
1982,22,LOCID000054
1983,33,LOCID000054
1984,23,LOCID000054
1985,21,LOCID000054
1986,26,LOCID000054
1987,27,LOCID000054
1988,47,LOCID000054
1989,21,LOCID000054
1990,20,LOCID000054
1991,28,LOCID000054
1992,30,LOCID000054
1993,32,LOCID000054
1994,23,LOCID000054
1995,45,LOCID000054
1996,24,LOCID000054
1997,29,LOCID000054
1998,30,LOCID000054
1999,36,LOCID000054
2000,31,LOCID000054
2001,44,LOCID000054
2002,-99.9,LOCID000054
2003,-99.9,LOCID000054
2004,-99.9,LOCID000054
1870,-99.9,LOCID000041
1871,-99.9,LOCID000041
1872,-99.9,LOCID000041
1873,-99.9,LOCID000041
1874,-99.9,LOCID000041
1875,-99.9,LOCID000041
1876,-99.9,LOCID000041
1877,-99.9,LOCID000041
1878,-99.9,LOCID000041
1879,-99.9,LOCID000041
1880,-99.9,LOCID000041
1881,-99.9,LOCID000041
1882,-99.9,LOCID000041
1883,-99.9,LOCID000041
1884,-99.9,LOCID000041
1885,-99.9,LOCID000041
1886,-99.9,LOCID000041
1887,-99.9,LOCID000041
1888,-99.9,LOCID000041
1889,-99.9,LOCID000041
1890,-99.9,LOCID000041
1891,-99.9,LOCID000041
1892,-99.9,LOCID000041
1893,-99.9,LOCID000041
1894,-99.9,LOCID000041
1895,-99.9,LOCID000041
1896,-99.9,LOCID000041
1897,-99.9,LOCID000041
1898,-99.9,LOCID000041
1899,-99.9,LOCID000041
1900,2,LOCID000041
1901,5,LOCID000041
1902,1,LOCID000041
1903,1,LOCID000041
1904,2,LOCID000041
1905,4,LOCID000041
1906,4,LOCID000041
1907,6,LOCID000041
1908,4,LOCID000041
1909,3,LOCID000041
1910,4,LOCID000041
1911,0,LOCID000041
1912,1,LOCID000041
1913,0,LOCID000041
1914,3,LOCID000041
1915,2,LOCID000041
1916,2,LOCID000041
1917,1,LOCID000041
1918,1,LOCID000041
1919,3,LOCID000041
1920,2,LOCID000041
1921,4,LOCID000041
1922,3,LOCID000041
1923,2,LOCID000041
1924,5,LOCID000041
1925,0,LOCID000041
1926,1,LOCID000041
1927,3,LOCID000041
1928,1,LOCID000041
1929,0,LOCID000041
1930,2,LOCID000041
1931,4,LOCID000041
1932,3,LOCID000041
1933,0,LOCID000041
1934,3,LOCID000041
1935,3,LOCID000041
1936,0,LOCID000041
1937,4,LOCID000041
1938,1,LOCID000041
1939,7,LOCID000041
1940,3,LOCID000041
1941,2,LOCID000041
1942,2,LOCID000041
1943,4,LOCID000041
1944,3,LOCID000041
1945,3,LOCID000041
1946,2,LOCID000041
1947,1,LOCID000041
1948,5,LOCID000041
1949,1,LOCID000041
1950,3,LOCID000041
1951,6,LOCID000041
1952,3,LOCID000041
1953,1,LOCID000041
1954,4,LOCID000041
1955,5,LOCID000041
1956,3,LOCID000041
1957,2,LOCID000041
1958,3,LOCID000041
1959,4,LOCID000041
1960,1,LOCID000041
1961,2,LOCID000041
1962,0,LOCID000041
1963,3,LOCID000041
1964,1,LOCID000041
1965,3,LOCID000041
1966,2,LOCID000041
1967,2,LOCID000041
1968,2,LOCID000041
1969,1,LOCID000041
1970,5,LOCID000041
1971,4,LOCID000041
1972,3,LOCID000041
1973,1,LOCID000041
1974,2,LOCID000041
1975,2,LOCID000041
1976,0,LOCID000041
1977,5,LOCID000041
1978,1,LOCID000041
1979,2,LOCID000041
1980,3,LOCID000041
1981,-99.9,LOCID000041
1982,-99.9,LOCID000041
1983,-99.9,LOCID000041
1984,1,LOCID000041
1985,0,LOCID000041
1986,2,LOCID000041
1987,2,LOCID000041
1988,0,LOCID000041
1989,0,LOCID000041
1990,-99.9,LOCID000041
1991,-99.9,LOCID000041
1992,0,LOCID000041
1993,3,LOCID000041
1994,9,LOCID000041
1995,4,LOCID000041
1996,1,LOCID000041
1997,3,LOCID000041
1998,4,LOCID000041
1999,2,LOCID000041
2000,1,LOCID000041
2001,3,LOCID000041
2002,7,LOCID000041
2003,2,LOCID000041
2004,3,LOCID000041
1912,4,61700003865
1913,1,61700003865
1914,6,61700003865
1915,3,61700003865
1916,2,61700003865
1917,2,61700003865
1918,3,61700003865
1919,0,61700003865
1920,1,61700003865
1921,1,61700003865
1922,3,61700003865
1923,2,61700003865
1924,5,61700003865
1925,3,61700003865
1926,4,61700003865
1927,6,61700003865
1928,3,61700003865
1929,3,61700003865
1930,5,61700003865
1931,8,61700003865
1932,2,61700003865
1933,4,61700003865
1934,3,61700003865
1935,4,61700003865
1936,4,61700003865
1937,6,61700003865
1938,3,61700003865
1939,3,61700003865
1940,1,61700003865
1941,6,61700003865
1942,3,61700003865
1943,1,61700003865
1944,0,61700003865
1945,6,61700003865
1946,4,61700003865
1947,2,61700003865
1948,5,61700003865
1949,5,61700003865
1950,4,61700003865
1951,8,61700003865
1952,0,61700003865
1953,2,61700003865
1954,5,61700003865
1955,4,61700003865
1956,3,61700003865
1957,1,61700003865
1958,2,61700003865
1959,1,61700003865
1960,8,61700003865
1961,5,61700003865
1962,-99.9,61700003865
1879,-99.9,LOCID000045
1880,-99.9,LOCID000045
1881,-99.9,LOCID000045
1882,-99.9,LOCID000045
1883,-99.9,LOCID000045
1884,-99.9,LOCID000045
1885,-99.9,LOCID000045
1886,-99.9,LOCID000045
1887,-99.9,LOCID000045
1888,-99.9,LOCID000045
1889,-99.9,LOCID000045
1890,-99.9,LOCID000045
1891,-99.9,LOCID000045
1892,-99.9,LOCID000045
1893,-99.9,LOCID000045
1894,-99.9,LOCID000045
1895,-99.9,LOCID000045
1896,-99.9,LOCID000045
1897,-99.9,LOCID000045
1898,-99.9,LOCID000045
1899,-99.9,LOCID000045
1900,-99.9,LOCID000045
1901,5,LOCID000045
1902,3,LOCID000045
1903,3,LOCID000045
1904,2,LOCID000045
1905,6,LOCID000045
1906,4,LOCID000045
1907,4,LOCID000045
1908,5,LOCID000045
1909,6,LOCID000045
1910,3,LOCID000045
1911,2,LOCID000045
1912,4,LOCID000045
1913,1,LOCID000045
1914,4,LOCID000045
1915,1,LOCID000045
1916,3,LOCID000045
1917,2,LOCID000045
1918,2,LOCID000045
1919,2,LOCID000045
1920,4,LOCID000045
1921,3,LOCID000045
1922,3,LOCID000045
1923,0,LOCID000045
1924,3,LOCID000045
1925,1,LOCID000045
1926,4,LOCID000045
1927,1,LOCID000045
1928,0,LOCID000045
1929,1,LOCID000045
1930,2,LOCID000045
1931,2,LOCID000045
1932,4,LOCID000045
1933,1,LOCID000045
1934,4,LOCID000045
1935,1,LOCID000045
1936,1,LOCID000045
1937,3,LOCID000045
1938,2,LOCID000045
1939,5,LOCID000045
1940,3,LOCID000045
1941,4,LOCID000045
1942,3,LOCID000045
1943,0,LOCID000045
1944,2,LOCID000045
1945,4,LOCID000045
1946,2,LOCID000045
1947,2,LOCID000045
1948,2,LOCID000045
1949,3,LOCID000045
1950,4,LOCID000045
1951,6,LOCID000045
1952,3,LOCID000045
1953,5,LOCID000045
1954,4,LOCID000045
1955,4,LOCID000045
1956,8,LOCID000045
1957,2,LOCID000045
1958,3,LOCID000045
1959,4,LOCID000045
1960,3,LOCID000045
1961,3,LOCID000045
1962,0,LOCID000045
1963,3,LOCID000045
1964,3,LOCID000045
1965,3,LOCID000045
1966,2,LOCID000045
1967,3,LOCID000045
1968,1,LOCID000045
1969,3,LOCID000045
1970,1,LOCID000045
1971,6,LOCID000045
1972,1,LOCID000045
1973,0,LOCID000045
1974,2,LOCID000045
1975,5,LOCID000045
1976,2,LOCID000045
1977,5,LOCID000045
1978,5,LOCID000045
1979,4,LOCID000045
1980,3,LOCID000045
1981,5,LOCID000045
1982,1,LOCID000045
1983,4,LOCID000045
1984,5,LOCID000045
1985,1,LOCID000045
1986,4,LOCID000045
1987,2,LOCID000045
1988,1,LOCID000045
1989,3,LOCID000045
1990,1,LOCID000045
1991,1,LOCID000045
1992,4,LOCID000045
1993,4,LOCID000045
1994,4,LOCID000045
1995,7,LOCID000045
1996,5,LOCID000045
1997,-99.9,LOCID000045
1998,1,LOCID000045
1999,2,LOCID000045
2000,2,LOCID000045
2001,5,LOCID000045
2002,-99.9,LOCID000045
2003,-99.9,LOCID000045
2004,-99.9,LOCID000045
1879,-99.9,LOCID000051
1880,-99.9,LOCID000051
1881,-99.9,LOCID000051
1882,-99.9,LOCID000051
1883,-99.9,LOCID000051
1884,-99.9,LOCID000051
1885,-99.9,LOCID000051
1886,-99.9,LOCID000051
1887,-99.9,LOCID000051
1888,-99.9,LOCID000051
1889,-99.9,LOCID000051
1890,3,LOCID000051
1891,3,LOCID000051
1892,0,LOCID000051
1893,2,LOCID000051
1894,1,LOCID000051
1895,1,LOCID000051
1896,2,LOCID000051
1897,1,LOCID000051
1898,2,LOCID000051
1899,1,LOCID000051
1900,2,LOCID000051
1901,2,LOCID000051
1902,2,LOCID000051
1903,4,LOCID000051
1904,0,LOCID000051
1905,0,LOCID000051
1906,1,LOCID000051
1907,0,LOCID000051
1908,0,LOCID000051
1909,2,LOCID000051
1910,2,LOCID000051
1911,0,LOCID000051
1912,2,LOCID000051
1913,0,LOCID000051
1914,4,LOCID000051
1915,1,LOCID000051
1916,2,LOCID000051
1917,3,LOCID000051
1918,0,LOCID000051
1919,1,LOCID000051
1920,2,LOCID000051
1921,2,LOCID000051
1922,3,LOCID000051
1923,2,LOCID000051
1924,2,LOCID000051
1925,2,LOCID000051
1926,3,LOCID000051
1927,5,LOCID000051
1928,3,LOCID000051
1929,3,LOCID000051
1930,3,LOCID000051
1931,4,LOCID000051
1932,1,LOCID000051
1933,2,LOCID000051
1934,3,LOCID000051
1935,-99.9,LOCID000051
1936,2,LOCID000051
1937,0,LOCID000051
1938,0,LOCID000051
1939,2,LOCID000051
1940,2,LOCID000051
1941,1,LOCID000051
1942,-99.9,LOCID000051
1943,-99.9,LOCID000051
1944,-99.9,LOCID000051
1945,-99.9,LOCID000051
1946,1,LOCID000051
1947,1,LOCID000051
1948,6,LOCID000051
1949,4,LOCID000051
1950,5,LOCID000051
1951,5,LOCID000051
1952,3,LOCID000051
1953,1,LOCID000051
1954,4,LOCID000051
1955,6,LOCID000051
1956,1,LOCID000051
1957,4,LOCID000051
1958,1,LOCID000051
1959,2,LOCID000051
1960,4,LOCID000051
1961,1,LOCID000051
1962,2,LOCID000051
1963,2,LOCID000051
1964,2,LOCID000051
1965,3,LOCID000051
1966,4,LOCID000051
1967,3,LOCID000051
1968,4,LOCID000051
1969,3,LOCID000051
1970,4,LOCID000051
1971,2,LOCID000051
1972,2,LOCID000051
1973,1,LOCID000051
1974,2,LOCID000051
1975,1,LOCID000051
1976,2,LOCID000051
1977,1,LOCID000051
1978,3,LOCID000051
1979,2,LOCID000051
1980,6,LOCID000051
1981,3,LOCID000051
1982,2,LOCID000051
1983,2,LOCID000051
1984,2,LOCID000051
1985,0,LOCID000051
1986,3,LOCID000051
1987,3,LOCID000051
1988,2,LOCID000051
1989,2,LOCID000051
1990,0,LOCID000051
1991,2,LOCID000051
1992,2,LOCID000051
1993,6,LOCID000051
1994,6,LOCID000051
1995,0,LOCID000051
1996,2,LOCID000051
1997,1,LOCID000051
1998,3,LOCID000051
1999,0,LOCID000051
2000,3,LOCID000051
2001,2,LOCID000051
2002,2,LOCID000051
2003,3,LOCID000051
2004,0,LOCID000051
1879,1,LOCID000050
1880,2,LOCID000050
1881,1,LOCID000050
1882,6,LOCID000050
1883,1,LOCID000050
1884,3,LOCID000050
1885,6,LOCID000050
1886,1,LOCID000050
1887,5,LOCID000050
1888,3,LOCID000050
1889,6,LOCID000050
1890,2,LOCID000050
1891,7,LOCID000050
1892,2,LOCID000050
1893,2,LOCID000050
1894,2,LOCID000050
1895,2,LOCID000050
1896,3,LOCID000050
1897,1,LOCID000050
1898,7,LOCID000050
1899,3,LOCID000050
1900,0,LOCID000050
1901,2,LOCID000050
1902,2,LOCID000050
1903,3,LOCID000050
1904,2,LOCID000050
1905,2,LOCID000050
1906,1,LOCID000050
1907,7,LOCID000050
1908,1,LOCID000050
1909,6,LOCID000050
1910,3,LOCID000050
1911,0,LOCID000050
1912,0,LOCID000050
1913,0,LOCID000050
1914,4,LOCID000050
1915,4,LOCID000050
1916,2,LOCID000050
1917,1,LOCID000050
1918,1,LOCID000050
1919,1,LOCID000050
1920,5,LOCID000050
1921,3,LOCID000050
1922,2,LOCID000050
1923,0,LOCID000050
1924,2,LOCID000050
1925,1,LOCID000050
1926,6,LOCID000050
1927,5,LOCID000050
1928,0,LOCID000050
1929,1,LOCID000050
1930,3,LOCID000050
1931,5,LOCID000050
1932,1,LOCID000050
1933,3,LOCID000050
1934,3,LOCID000050
1935,3,LOCID000050
1936,3,LOCID000050
1937,4,LOCID000050
1938,3,LOCID000050
1939,5,LOCID000050
1940,1,LOCID000050
1941,4,LOCID000050
1942,1,LOCID000050
1943,3,LOCID000050
1944,0,LOCID000050
1945,1,LOCID000050
1946,2,LOCID000050
1947,4,LOCID000050
1948,4,LOCID000050
1949,2,LOCID000050
1950,3,LOCID000050
1951,3,LOCID000050
1952,1,LOCID000050
1953,2,LOCID000050
1954,5,LOCID000050
1955,4,LOCID000050
1956,6,LOCID000050
1957,2,LOCID000050
1958,4,LOCID000050
1959,6,LOCID000050
1960,4,LOCID000050
1961,7,LOCID000050
1962,1,LOCID000050
1963,2,LOCID000050
1964,3,LOCID000050
1965,1,LOCID000050
1966,4,LOCID000050
1967,3,LOCID000050
1968,3,LOCID000050
1969,4,LOCID000050
1970,1,LOCID000050
1971,3,LOCID000050
1972,2,LOCID000050
1973,1,LOCID000050
1974,4,LOCID000050
1975,1,LOCID000050
1976,0,LOCID000050
1977,3,LOCID000050
1978,3,LOCID000050
1979,2,LOCID000050
1980,4,LOCID000050
1981,3,LOCID000050
1982,2,LOCID000050
1983,4,LOCID000050
1984,0,LOCID000050
1985,1,LOCID000050
1986,3,LOCID000050
1987,2,LOCID000050
1988,0,LOCID000050
1989,1,LOCID000050
1990,7,LOCID000050
1991,3,LOCID000050
1992,1,LOCID000050
1993,3,LOCID000050
1994,6,LOCID000050
1995,1,LOCID000050
1996,0,LOCID000050
1997,4,LOCID000050
1998,2,LOCID000050
1999,0,LOCID000050
2000,4,LOCID000050
2001,2,LOCID000050
2002,6,LOCID000050
2003,0,LOCID000050
2004,0,LOCID000050
1879,12,LOCID000044
1880,15,LOCID000044
1881,10,LOCID000044
1882,6,LOCID000044
1883,9,LOCID000044
1884,13,LOCID000044
1885,7,LOCID000044
1886,10,LOCID000044
1887,9,LOCID000044
1888,10,LOCID000044
1889,6,LOCID000044
1890,11,LOCID000044
1891,4,LOCID000044
1892,12,LOCID000044
1893,6,LOCID000044
1894,5,LOCID000044
1895,7,LOCID000044
1896,14,LOCID000044
1897,12,LOCID000044
1898,7,LOCID000044
1899,10,LOCID000044
1900,6,LOCID000044
1901,7,LOCID000044
1902,2,LOCID000044
1903,5,LOCID000044
1904,11,LOCID000044
1905,9,LOCID000044
1906,7,LOCID000044
1907,8,LOCID000044
1908,8,LOCID000044
1909,7,LOCID000044
1910,15,LOCID000044
1911,9,LOCID000044
1912,19,LOCID000044
1913,11,LOCID000044
1914,10,LOCID000044
1915,14,LOCID000044
1916,8,LOCID000044
1917,11,LOCID000044
1918,13,LOCID000044
1919,9,LOCID000044
1920,17,LOCID000044
1921,17,LOCID000044
1922,18,LOCID000044
1923,8,LOCID000044
1924,10,LOCID000044
1925,8,LOCID000044
1926,8,LOCID000044
1927,10,LOCID000044
1928,6,LOCID000044
1929,5,LOCID000044
1930,13,LOCID000044
1931,8,LOCID000044
1932,17,LOCID000044
1933,12,LOCID000044
1934,13,LOCID000044
1935,10,LOCID000044
1936,15,LOCID000044
1937,15,LOCID000044
1938,9,LOCID000044
1939,22,LOCID000044
1940,13,LOCID000044
1941,14,LOCID000044
1942,7,LOCID000044
1943,7,LOCID000044
1944,16,LOCID000044
1945,5,LOCID000044
1946,7,LOCID000044
1947,8,LOCID000044
1948,8,LOCID000044
1949,12,LOCID000044
1950,9,LOCID000044
1951,11,LOCID000044
1952,9,LOCID000044
1953,9,LOCID000044
1954,15,LOCID000044
1955,12,LOCID000044
1956,13,LOCID000044
1957,15,LOCID000044
1958,11,LOCID000044
1959,14,LOCID000044
1960,11,LOCID000044
1961,12,LOCID000044
1962,9,LOCID000044
1963,14,LOCID000044
1964,14,LOCID000044
1965,16,LOCID000044
1966,18,LOCID000044
1967,10,LOCID000044
1968,14,LOCID000044
1969,10,LOCID000044
1970,5,LOCID000044
1971,12,LOCID000044
1972,12,LOCID000044
1973,8,LOCID000044
1974,13,LOCID000044
1975,14,LOCID000044
1976,7,LOCID000044
1977,15,LOCID000044
1978,16,LOCID000044
1979,19,LOCID000044
1980,12,LOCID000044
1981,18,LOCID000044
1982,14,LOCID000044
1983,14,LOCID000044
1984,10,LOCID000044
1985,14,LOCID000044
1986,11,LOCID000044
1987,7,LOCID000044
1988,11,LOCID000044
1989,14,LOCID000044
1990,17,LOCID000044
1991,10,LOCID000044
1992,11,LOCID000044
1993,13,LOCID000044
1994,7,LOCID000044
1995,13,LOCID000044
1996,9,LOCID000044
1997,8,LOCID000044
1998,11,LOCID000044
1999,10,LOCID000044
2000,13,LOCID000044
2001,14,LOCID000044
2002,-99.9,LOCID000044
2003,-99.9,LOCID000044
2004,-99.9,LOCID000044
1901,1,61700003319
1902,3,61700003319
1903,0,61700003319
1904,2,61700003319
1905,3,61700003319
1906,2,61700003319
1907,5,61700003319
1908,3,61700003319
1909,3,61700003319
1910,4,61700003319
1911,1,61700003319
1912,2,61700003319
1913,1,61700003319
1914,7,61700003319
1915,3,61700003319
1916,3,61700003319
1917,0,61700003319
1918,1,61700003319
1919,1,61700003319
1920,4,61700003319
1921,3,61700003319
1922,4,61700003319
1923,1,61700003319
1924,1,61700003319
1925,1,61700003319
1926,5,61700003319
1927,3,61700003319
1928,1,61700003319
1929,2,61700003319
1930,3,61700003319
1931,5,61700003319
1932,1,61700003319
1933,2,61700003319
1934,7,61700003319
1935,4,61700003319
1936,0,61700003319
1937,5,61700003319
1938,5,61700003319
1939,5,61700003319
1940,1,61700003319
1941,4,61700003319
1942,1,61700003319
1943,0,61700003319
1944,0,61700003319
1945,-99.9,61700003319
1946,2,61700003319
1947,4,61700003319
1948,5,61700003319
1949,1,61700003319
1950,3,61700003319
1951,3,61700003319
1952,2,61700003319
1953,5,61700003319
1954,9,61700003319
1955,0,61700003319
1956,4,61700003319
1957,1,61700003319
1958,6,61700003319
1959,8,61700003319
1960,1,61700003319
1961,3,61700003319
1962,1,61700003319
1963,0,61700003319
1964,4,61700003319
1965,1,61700003319
1966,4,61700003319
1967,1,61700003319
1968,4,61700003319
1969,2,61700003319
1970,3,61700003319
1971,3,61700003319
1972,3,61700003319
1973,2,61700003319
1974,6,61700003319
1975,4,61700003319
1976,0,61700003319
1977,3,61700003319
1978,2,61700003319
1979,2,61700003319
1980,3,61700003319
1981,3,61700003319
1982,2,61700003319
1983,4,61700003319
1984,0,61700003319
1985,1,61700003319
1986,3,61700003319
1987,2,61700003319
1988,2,61700003319
1989,1,61700003319
1990,4,61700003319
1991,1,61700003319
1992,2,61700003319
1993,1,61700003319
1994,7,61700003319
1995,1,61700003319
1996,3,61700003319
1997,2,61700003319
1998,0,61700003319
1999,0,61700003319
1879,-99.9,LOCID000052
1880,-99.9,LOCID000052
1881,-99.9,LOCID000052
1882,-99.9,LOCID000052
1883,-99.9,LOCID000052
1884,-99.9,LOCID000052
1885,-99.9,LOCID000052
1886,-99.9,LOCID000052
1887,-99.9,LOCID000052
1888,-99.9,LOCID000052
1889,-99.9,LOCID000052
1890,-99.9,LOCID000052
1891,-99.9,LOCID000052
1892,-99.9,LOCID000052
1893,-99.9,LOCID000052
1894,-99.9,LOCID000052
1895,-99.9,LOCID000052
1896,-99.9,LOCID000052
1897,-99.9,LOCID000052
1898,-99.9,LOCID000052
1899,-99.9,LOCID000052
1900,5,LOCID000052
1901,9,LOCID000052
1902,1,LOCID000052
1903,7,LOCID000052
1904,5,LOCID000052
1905,1,LOCID000052
1906,6,LOCID000052
1907,1,LOCID000052
1908,3,LOCID000052
1909,3,LOCID000052
1910,5,LOCID000052
1911,2,LOCID000052
1912,4,LOCID000052
1913,5,LOCID000052
1914,10,LOCID000052
1915,2,LOCID000052
1916,2,LOCID000052
1917,5,LOCID000052
1918,2,LOCID000052
1919,1,LOCID000052
1920,4,LOCID000052
1921,2,LOCID000052
1922,7,LOCID000052
1923,3,LOCID000052
1924,4,LOCID000052
1925,2,LOCID000052
1926,3,LOCID000052
1927,6,LOCID000052
1928,0,LOCID000052
1929,3,LOCID000052
1930,3,LOCID000052
1931,6,LOCID000052
1932,5,LOCID000052
1933,0,LOCID000052
1934,8,LOCID000052
1935,3,LOCID000052
1936,10,LOCID000052
1937,3,LOCID000052
1938,4,LOCID000052
1939,6,LOCID000052
1940,9,LOCID000052
1941,7,LOCID000052
1942,0,LOCID000052
1943,4,LOCID000052
1944,5,LOCID000052
1945,-99.9,LOCID000052
1946,4,LOCID000052
1947,-99.9,LOCID000052
1948,4,LOCID000052
1949,1,LOCID000052
1950,3,LOCID000052
1951,2,LOCID000052
1952,0,LOCID000052
1953,4,LOCID000052
1954,4,LOCID000052
1955,3,LOCID000052
1956,3,LOCID000052
1957,2,LOCID000052
1958,6,LOCID000052
1959,3,LOCID000052
1960,6,LOCID000052
1961,1,LOCID000052
1962,0,LOCID000052
1963,5,LOCID000052
1964,3,LOCID000052
1965,8,LOCID000052
1966,7,LOCID000052
1967,0,LOCID000052
1968,8,LOCID000052
1969,2,LOCID000052
1970,1,LOCID000052
1971,5,LOCID000052
1972,6,LOCID000052
1973,5,LOCID000052
1974,1,LOCID000052
1975,5,LOCID000052
1976,5,LOCID000052
1977,2,LOCID000052
1978,4,LOCID000052
1979,3,LOCID000052
1980,1,LOCID000052
1981,5,LOCID000052
1982,6,LOCID000052
1983,4,LOCID000052
1984,4,LOCID000052
1985,4,LOCID000052
1986,9,LOCID000052
1987,8,LOCID000052
1988,4,LOCID000052
1989,5,LOCID000052
1990,3,LOCID000052
1991,4,LOCID000052
1992,7,LOCID000052
1993,5,LOCID000052
1994,7,LOCID000052
1995,4,LOCID000052
1996,2,LOCID000052
1997,2,LOCID000052
1998,4,LOCID000052
1999,2,LOCID000052
2000,4,LOCID000052
2001,4,LOCID000052
2002,11,LOCID000052
2003,1,LOCID000052
2004,5,LOCID000052
1879,-99.9,LOCID000046
1880,-99.9,LOCID000046
1881,-99.9,LOCID000046
1882,-99.9,LOCID000046
1883,-99.9,LOCID000046
1884,-99.9,LOCID000046
1885,-99.9,LOCID000046
1886,-99.9,LOCID000046
1887,-99.9,LOCID000046
1888,-99.9,LOCID000046
1889,-99.9,LOCID000046
1890,-99.9,LOCID000046
1891,-99.9,LOCID000046
1892,-99.9,LOCID000046
1893,-99.9,LOCID000046
1894,-99.9,LOCID000046
1895,-99.9,LOCID000046
1896,-99.9,LOCID000046
1897,-99.9,LOCID000046
1898,-99.9,LOCID000046
1899,-99.9,LOCID000046
1900,-99.9,LOCID000046
1901,5,LOCID000046
1902,1,LOCID000046
1903,1,LOCID000046
1904,5,LOCID000046
1905,3,LOCID000046
1906,5,LOCID000046
1907,4,LOCID000046
1908,3,LOCID000046
1909,2,LOCID000046
1910,3,LOCID000046
1911,5,LOCID000046
1912,2,LOCID000046
1913,2,LOCID000046
1914,2,LOCID000046
1915,0,LOCID000046
1916,3,LOCID000046
1917,2,LOCID000046
1918,2,LOCID000046
1919,1,LOCID000046
1920,8,LOCID000046
1921,2,LOCID000046
1922,7,LOCID000046
1923,3,LOCID000046
1924,2,LOCID000046
1925,2,LOCID000046
1926,4,LOCID000046
1927,4,LOCID000046
1928,1,LOCID000046
1929,2,LOCID000046
1930,8,LOCID000046
1931,2,LOCID000046
1932,5,LOCID000046
1933,1,LOCID000046
1934,1,LOCID000046
1935,3,LOCID000046
1936,3,LOCID000046
1937,2,LOCID000046
1938,2,LOCID000046
1939,6,LOCID000046
1940,3,LOCID000046
1941,8,LOCID000046
1942,4,LOCID000046
1943,4,LOCID000046
1944,2,LOCID000046
1945,-99.9,LOCID000046
1946,-99.9,LOCID000046
1947,-99.9,LOCID000046
1948,-99.9,LOCID000046
1949,-99.9,LOCID000046
1950,-99.9,LOCID000046
1951,3,LOCID000046
1952,-99.9,LOCID000046
1953,-99.9,LOCID000046
1954,0,LOCID000046
1955,5,LOCID000046
1956,2,LOCID000046
1957,5,LOCID000046
1958,3,LOCID000046
1959,4,LOCID000046
1960,2,LOCID000046
1961,3,LOCID000046
1962,3,LOCID000046
1963,3,LOCID000046
1964,3,LOCID000046
1965,7,LOCID000046
1966,6,LOCID000046
1967,5,LOCID000046
1968,11,LOCID000046
1969,3,LOCID000046
1970,4,LOCID000046
1971,1,LOCID000046
1972,2,LOCID000046
1973,1,LOCID000046
1974,1,LOCID000046
1975,5,LOCID000046
1976,1,LOCID000046
1977,1,LOCID000046
1978,5,LOCID000046
1979,3,LOCID000046
1980,3,LOCID000046
1981,5,LOCID000046
1982,3,LOCID000046
1983,1,LOCID000046
1984,1,LOCID000046
1985,2,LOCID000046
1986,6,LOCID000046
1987,3,LOCID000046
1988,0,LOCID000046
1989,3,LOCID000046
1990,5,LOCID000046
1991,0,LOCID000046
1992,3,LOCID000046
1993,3,LOCID000046
1994,-99.9,LOCID000046
1995,-99.9,LOCID000046
1996,-99.9,LOCID000046
1997,-99.9,LOCID000046
1998,-99.9,LOCID000046
1999,7,LOCID000046
2000,-99.9,LOCID000046
2001,-99.9,LOCID000046
2002,-99.9,LOCID000046
2003,-99.9,LOCID000046
2004,-99.9,LOCID000046
1876,5,LOCID000047
1877,14,LOCID000047
1878,10,LOCID000047
1879,19,LOCID000047
1880,13,LOCID000047
1881,9,LOCID000047
1882,19,LOCID000047
1883,11,LOCID000047
1884,10,LOCID000047
1885,22,LOCID000047
1886,19,LOCID000047
1887,6,LOCID000047
1888,4,LOCID000047
1889,5,LOCID000047
1890,2,LOCID000047
1891,4,LOCID000047
1892,4,LOCID000047
1893,2,LOCID000047
1894,3,LOCID000047
1895,4,LOCID000047
1896,3,LOCID000047
1897,2,LOCID000047
1898,5,LOCID000047
1899,7,LOCID000047
1900,5,LOCID000047
1901,5,LOCID000047
1902,2,LOCID000047
1903,3,LOCID000047
1904,5,LOCID000047
1905,1,LOCID000047
1906,5,LOCID000047
1907,3,LOCID000047
1908,6,LOCID000047
1909,5,LOCID000047
1910,9,LOCID000047
1911,5,LOCID000047
1912,3,LOCID000047
1913,7,LOCID000047
1914,11,LOCID000047
1915,5,LOCID000047
1916,4,LOCID000047
1917,5,LOCID000047
1918,4,LOCID000047
1919,5,LOCID000047
1920,5,LOCID000047
1921,3,LOCID000047
1922,7,LOCID000047
1923,4,LOCID000047
1924,9,LOCID000047
1925,4,LOCID000047
1926,2,LOCID000047
1927,9,LOCID000047
1928,3,LOCID000047
1929,0,LOCID000047
1930,6,LOCID000047
1931,9,LOCID000047
1932,3,LOCID000047
1933,1,LOCID000047
1934,2,LOCID000047
1935,8,LOCID000047
1936,6,LOCID000047
1937,2,LOCID000047
1938,5,LOCID000047
1939,5,LOCID000047
1940,5,LOCID000047
1941,11,LOCID000047
1942,3,LOCID000047
1943,3,LOCID000047
1944,-99.9,LOCID000047
1945,-99.9,LOCID000047
1946,4,LOCID000047
1947,4,LOCID000047
1948,4,LOCID000047
1949,4,LOCID000047
1950,4,LOCID000047
1951,2,LOCID000047
1952,5,LOCID000047
1953,1,LOCID000047
1954,2,LOCID000047
1955,5,LOCID000047
1956,4,LOCID000047
1957,9,LOCID000047
1958,6,LOCID000047
1959,2,LOCID000047
1960,1,LOCID000047
1961,3,LOCID000047
1962,1,LOCID000047
1963,3,LOCID000047
1964,2,LOCID000047
1965,3,LOCID000047
1966,4,LOCID000047
1967,4,LOCID000047
1968,7,LOCID000047
1969,1,LOCID000047
1970,4,LOCID000047
1971,3,LOCID000047
1972,2,LOCID000047
1973,7,LOCID000047
1974,2,LOCID000047
1975,7,LOCID000047
1976,4,LOCID000047
1977,4,LOCID000047
1978,8,LOCID000047
1979,1,LOCID000047
1980,4,LOCID000047
1981,10,LOCID000047
1982,9,LOCID000047
1983,6,LOCID000047
1984,7,LOCID000047
1985,3,LOCID000047
1986,9,LOCID000047
1987,3,LOCID000047
1988,5,LOCID000047
1989,2,LOCID000047
1990,2,LOCID000047
1991,2,LOCID000047
1992,5,LOCID000047
1993,3,LOCID000047
1994,4,LOCID000047
1995,5,LOCID000047
1996,3,LOCID000047
1997,5,LOCID000047
1998,1,LOCID000047
1999,4,LOCID000047
2000,2,LOCID000047
2001,2,LOCID000047
2002,-99.9,LOCID000047
2003,-99.9,LOCID000047
2004,-99.9,LOCID000047
1879,-99.9,LOCID000053
1880,-99.9,LOCID000053
1881,-99.9,LOCID000053
1882,-99.9,LOCID000053
1883,-99.9,LOCID000053
1884,-99.9,LOCID000053
1885,-99.9,LOCID000053
1886,-99.9,LOCID000053
1887,-99.9,LOCID000053
1888,-99.9,LOCID000053
1889,-99.9,LOCID000053
1890,-99.9,LOCID000053
1891,-99.9,LOCID000053
1892,-99.9,LOCID000053
1893,-99.9,LOCID000053
1894,-99.9,LOCID000053
1895,-99.9,LOCID000053
1896,-99.9,LOCID000053
1897,-99.9,LOCID000053
1898,-99.9,LOCID000053
1899,-99.9,LOCID000053
1900,-99.9,LOCID000053
1901,-99.9,LOCID000053
1902,-99.9,LOCID000053
1903,-99.9,LOCID000053
1904,-99.9,LOCID000053
1905,-99.9,LOCID000053
1906,-99.9,LOCID000053
1907,-99.9,LOCID000053
1908,5,LOCID000053
1909,2,LOCID000053
1910,3,LOCID000053
1911,2,LOCID000053
1912,0,LOCID000053
1913,4,LOCID000053
1914,2,LOCID000053
1915,1,LOCID000053
1916,2,LOCID000053
1917,5,LOCID000053
1918,6,LOCID000053
1919,1,LOCID000053
1920,3,LOCID000053
1921,1,LOCID000053
1922,10,LOCID000053
1923,6,LOCID000053
1924,6,LOCID000053
1925,5,LOCID000053
1926,7,LOCID000053
1927,5,LOCID000053
1928,3,LOCID000053
1929,4,LOCID000053
1930,7,LOCID000053
1931,8,LOCID000053
1932,6,LOCID000053
1933,2,LOCID000053
1934,2,LOCID000053
1935,-99.9,LOCID000053
1936,-99.9,LOCID000053
1937,-99.9,LOCID000053
1938,-99.9,LOCID000053
1939,-99.9,LOCID000053
1940,-99.9,LOCID000053
1941,-99.9,LOCID000053
1942,-99.9,LOCID000053
1943,-99.9,LOCID000053
1944,-99.9,LOCID000053
1945,-99.9,LOCID000053
1946,-99.9,LOCID000053
1947,4,LOCID000053
1948,1,LOCID000053
1949,3,LOCID000053
1950,7,LOCID000053
1951,4,LOCID000053
1952,5,LOCID000053
1953,1,LOCID000053
1954,4,LOCID000053
1955,4,LOCID000053
1956,3,LOCID000053
1957,3,LOCID000053
1958,3,LOCID000053
1959,3,LOCID000053
1960,3,LOCID000053
1961,4,LOCID000053
1962,2,LOCID000053
1963,7,LOCID000053
1964,5,LOCID000053
1965,7,LOCID000053
1966,6,LOCID000053
1967,10,LOCID000053
1968,4,LOCID000053
1969,0,LOCID000053
1970,7,LOCID000053
1971,2,LOCID000053
1972,6,LOCID000053
1973,1,LOCID000053
1974,1,LOCID000053
1975,4,LOCID000053
1976,2,LOCID000053
1977,4,LOCID000053
1978,4,LOCID000053
1979,5,LOCID000053
1980,5,LOCID000053
1981,9,LOCID000053
1982,4,LOCID000053
1983,1,LOCID000053
1984,4,LOCID000053
1985,2,LOCID000053
1986,7,LOCID000053
1987,3,LOCID000053
1988,3,LOCID000053
1989,2,LOCID000053
1990,4,LOCID000053
1991,1,LOCID000053
1992,3,LOCID000053
1993,8,LOCID000053
1994,3,LOCID000053
1995,4,LOCID000053
1996,-99.9,LOCID000053
1997,2,LOCID000053
1998,5,LOCID000053
1999,-99.9,LOCID000053
2000,-99.9,LOCID000053
2001,-99.9,LOCID000053
2002,-99.9,LOCID000053
2003,-99.9,LOCID000053
2004,-99.9,LOCID000053
1917,2,61700003244
1918,2,61700003244
1919,3,61700003244
1920,3,61700003244
1921,5,61700003244
1922,2,61700003244
1923,4,61700003244
1924,6,61700003244
1925,5,61700003244
1926,6,61700003244
1927,4,61700003244
1928,0,61700003244
1929,2,61700003244
1930,5,61700003244
1931,3,61700003244
1932,5,61700003244
1933,4,61700003244
1934,8,61700003244
1935,4,61700003244
1936,1,61700003244
1937,7,61700003244
1938,1,61700003244
1939,4,61700003244
1940,3,61700003244
1941,8,61700003244
1942,2,61700003244
1943,0,61700003244
1944,6,61700003244
1945,3,61700003244
1946,5,61700003244
1947,3,61700003244
1948,4,61700003244
1949,3,61700003244
1950,6,61700003244
1951,4,61700003244
1952,5,61700003244
1953,4,61700003244
1954,7,61700003244
1955,3,61700003244
1956,3,61700003244
1957,7,61700003244
1958,6,61700003244
1959,7,61700003244
1960,3,61700003244
1961,2,61700003244
1962,2,61700003244
1963,2,61700003244
1964,2,61700003244
1965,5,61700003244
1966,6,61700003244
1967,7,61700003244
1968,2,61700003244
1969,2,61700003244
1970,5,61700003244
1971,4,61700003244
1972,2,61700003244
1973,6,61700003244
1974,8,61700003244
1975,2,61700003244
1976,1,61700003244
1977,3,61700003244
1978,3,61700003244
1979,2,61700003244
1980,5,61700003244
1981,7,61700003244
1982,3,61700003244
1983,5,61700003244
1984,3,61700003244
1985,3,61700003244
1986,8,61700003244
1987,8,61700003244
1988,2,61700003244
1989,3,61700003244
1990,2,61700003244
1991,2,61700003244
1992,3,61700003244
1993,1,61700003244
1994,6,61700003244
1995,4,61700003244
1996,2,61700003244
1997,4,61700003244
1998,6,61700003244
1999,4,61700003244
1901,5,61700002698
1902,2,61700002698
1903,3,61700002698
1904,5,61700002698
1905,1,61700002698
1906,5,61700002698
1907,3,61700002698
1908,6,61700002698
1909,5,61700002698
1910,9,61700002698
1911,5,61700002698
1912,3,61700002698
1913,7,61700002698
1914,11,61700002698
1915,5,61700002698
1916,4,61700002698
1917,5,61700002698
1918,4,61700002698
1919,5,61700002698
1920,5,61700002698
1921,3,61700002698
1922,7,61700002698
1923,4,61700002698
1924,9,61700002698
1925,4,61700002698
1926,2,61700002698
1927,9,61700002698
1928,3,61700002698
1929,0,61700002698
1930,6,61700002698
1931,9,61700002698
1932,3,61700002698
1933,1,61700002698
1934,2,61700002698
1935,8,61700002698
1936,6,61700002698
1937,2,61700002698
1938,5,61700002698
1939,5,61700002698
1940,5,61700002698
1941,11,61700002698
1942,3,61700002698
1943,3,61700002698
1944,-99.9,61700002698
1945,-99.9,61700002698
1946,4,61700002698
1947,4,61700002698
1948,4,61700002698
1949,4,61700002698
1950,4,61700002698
1951,2,61700002698
1952,5,61700002698
1953,1,61700002698
1954,2,61700002698
1955,5,61700002698
1956,4,61700002698
1957,9,61700002698
1958,6,61700002698
1959,2,61700002698
1960,1,61700002698
1961,3,61700002698
1962,1,61700002698
1963,3,61700002698
1964,2,61700002698
1965,3,61700002698
1966,4,61700002698
1967,4,61700002698
1968,7,61700002698
1969,1,61700002698
1970,4,61700002698
1971,3,61700002698
1972,2,61700002698
1973,7,61700002698
1974,2,61700002698
1975,7,61700002698
1976,4,61700002698
1977,4,61700002698
1978,8,61700002698
1979,1,61700002698
1980,4,61700002698
1981,10,61700002698
1982,9,61700002698
1983,6,61700002698
1984,7,61700002698
1985,3,61700002698
1986,9,61700002698
1987,3,61700002698
1988,5,61700002698
1989,2,61700002698
1990,2,61700002698
1991,2,61700002698
1992,5,61700002698
1993,3,61700002698
1994,4,61700002698
1995,5,61700002698
1996,3,61700002698
1997,5,61700002698
1998,1,61700002698
1999,4,61700002698
1901,5,61700002288
1902,1,61700002288
1903,1,61700002288
1904,5,61700002288
1905,3,61700002288
1906,5,61700002288
1907,4,61700002288
1908,3,61700002288
1909,2,61700002288
1910,3,61700002288
1911,5,61700002288
1912,2,61700002288
1913,2,61700002288
1914,2,61700002288
1915,0,61700002288
1916,3,61700002288
1917,2,61700002288
1918,2,61700002288
1919,1,61700002288
1920,8,61700002288
1921,2,61700002288
1922,7,61700002288
1923,3,61700002288
1924,2,61700002288
1925,2,61700002288
1926,4,61700002288
1927,4,61700002288
1928,1,61700002288
1929,2,61700002288
1930,8,61700002288
1931,2,61700002288
1932,5,61700002288
1933,1,61700002288
1934,1,61700002288
1935,3,61700002288
1936,3,61700002288
1937,2,61700002288
1938,2,61700002288
1939,6,61700002288
1940,3,61700002288
1941,8,61700002288
1942,4,61700002288
1943,4,61700002288
1944,2,61700002288
1945,-99.9,61700002288
1946,-99.9,61700002288
1947,-99.9,61700002288
1948,-99.9,61700002288
1949,-99.9,61700002288
1950,-99.9,61700002288
1951,3,61700002288
1952,-99.9,61700002288
1953,-99.9,61700002288
1954,0,61700002288
1955,5,61700002288
1956,2,61700002288
1957,5,61700002288
1958,3,61700002288
1959,4,61700002288
1960,2,61700002288
1961,3,61700002288
1962,3,61700002288
1963,3,61700002288
1964,3,61700002288
1965,7,61700002288
1966,6,61700002288
1967,5,61700002288
1968,11,61700002288
1969,3,61700002288
1970,4,61700002288
1971,1,61700002288
1972,2,61700002288
1973,1,61700002288
1974,1,61700002288
1975,5,61700002288
1976,1,61700002288
1977,1,61700002288
1978,5,61700002288
1979,3,61700002288
1980,3,61700002288
1981,5,61700002288
1982,3,61700002288
1983,1,61700002288
1984,1,61700002288
1985,2,61700002288
1986,6,61700002288
1987,3,61700002288
1988,0,61700002288
1989,3,61700002288
1990,5,61700002288
1991,0,61700002288
1992,3,61700002288
1993,3,61700002288
1994,-99.9,61700002288
1995,-99.9,61700002288
1996,-99.9,61700002288
1997,-99.9,61700002288
1998,-99.9,61700002288
1999,7,61700002288
1907,-99.9,61700002277
1908,5,61700002277
1909,2,61700002277
1910,3,61700002277
1911,2,61700002277
1912,0,61700002277
1913,4,61700002277
1914,2,61700002277
1915,1,61700002277
1916,2,61700002277
1917,5,61700002277
1918,6,61700002277
1919,1,61700002277
1920,3,61700002277
1921,1,61700002277
1922,10,61700002277
1923,6,61700002277
1924,6,61700002277
1925,5,61700002277
1926,7,61700002277
1927,5,61700002277
1928,3,61700002277
1929,4,61700002277
1930,7,61700002277
1931,8,61700002277
1932,6,61700002277
1933,2,61700002277
1934,2,61700002277
1935,-99.9,61700002277
1936,-99.9,61700002277
1937,-99.9,61700002277
1938,-99.9,61700002277
1939,-99.9,61700002277
1940,-99.9,61700002277
1941,-99.9,61700002277
1942,-99.9,61700002277
1943,-99.9,61700002277
1944,-99.9,61700002277
1945,-99.9,61700002277
1946,-99.9,61700002277
1947,4,61700002277
1948,1,61700002277
1949,3,61700002277
1950,7,61700002277
1951,4,61700002277
1952,5,61700002277
1953,1,61700002277
1954,4,61700002277
1955,4,61700002277
1956,3,61700002277
1957,3,61700002277
1958,3,61700002277
1959,3,61700002277
1960,3,61700002277
1961,4,61700002277
1962,2,61700002277
1963,7,61700002277
1964,5,61700002277
1965,7,61700002277
1966,6,61700002277
1967,10,61700002277
1968,4,61700002277
1969,0,61700002277
1970,7,61700002277
1971,2,61700002277
1972,6,61700002277
1973,1,61700002277
1974,1,61700002277
1975,4,61700002277
1976,2,61700002277
1977,4,61700002277
1978,4,61700002277
1979,5,61700002277
1980,5,61700002277
1981,9,61700002277
1982,4,61700002277
1983,1,61700002277
1984,4,61700002277
1985,2,61700002277
1986,7,61700002277
1987,3,61700002277
1988,3,61700002277
1989,2,61700002277
1990,4,61700002277
1991,1,61700002277
1992,3,61700002277
1993,8,61700002277
1994,3,61700002277
1995,4,61700002277
1996,-99.9,61700002277
1997,2,61700002277
1998,5,61700002277
1999,-99.9,61700002277
1901,2,61700003342
1902,2,61700003342
1903,3,61700003342
1904,2,61700003342
1905,2,61700003342
1906,1,61700003342
1907,7,61700003342
1908,1,61700003342
1909,6,61700003342
1910,3,61700003342
1911,0,61700003342
1912,0,61700003342
1913,0,61700003342
1914,4,61700003342
1915,4,61700003342
1916,2,61700003342
1917,1,61700003342
1918,1,61700003342
1919,1,61700003342
1920,5,61700003342
1921,3,61700003342
1922,2,61700003342
1923,0,61700003342
1924,2,61700003342
1925,1,61700003342
1926,6,61700003342
1927,5,61700003342
1928,0,61700003342
1929,1,61700003342
1930,3,61700003342
1931,5,61700003342
1932,1,61700003342
1933,3,61700003342
1934,3,61700003342
1935,3,61700003342
1936,3,61700003342
1937,4,61700003342
1938,3,61700003342
1939,5,61700003342
1940,1,61700003342
1941,4,61700003342
1942,1,61700003342
1943,3,61700003342
1944,0,61700003342
1945,1,61700003342
1946,2,61700003342
1947,4,61700003342
1948,4,61700003342
1949,2,61700003342
1950,3,61700003342
1951,3,61700003342
1952,1,61700003342
1953,2,61700003342
1954,5,61700003342
1955,4,61700003342
1956,6,61700003342
1957,2,61700003342
1958,4,61700003342
1959,6,61700003342
1960,4,61700003342
1961,7,61700003342
1962,1,61700003342
1963,2,61700003342
1964,3,61700003342
1965,1,61700003342
1966,4,61700003342
1967,3,61700003342
1968,3,61700003342
1969,4,61700003342
1970,1,61700003342
1971,3,61700003342
1972,2,61700003342
1973,1,61700003342
1974,4,61700003342
1975,1,61700003342
1976,0,61700003342
1977,3,61700003342
1978,3,61700003342
1979,2,61700003342
1980,4,61700003342
1981,3,61700003342
1982,2,61700003342
1983,4,61700003342
1984,0,61700003342
1985,1,61700003342
1986,3,61700003342
1987,2,61700003342
1988,0,61700003342
1989,1,61700003342
1990,7,61700003342
1991,3,61700003342
1992,1,61700003342
1993,3,61700003342
1994,6,61700003342
1995,1,61700003342
1996,0,61700003342
1997,4,61700003342
1998,2,61700003342
1999,0,61700003342
1901,9,61700001153
1902,0,61700001153
1903,2,61700001153
1904,2,61700001153
1905,2,61700001153
1906,2,61700001153
1907,3,61700001153
1908,3,61700001153
1909,6,61700001153
1910,2,61700001153
1911,0,61700001153
1912,4,61700001153
1913,0,61700001153
1914,5,61700001153
1915,2,61700001153
1916,2,61700001153
1917,6,61700001153
1918,1,61700001153
1919,2,61700001153
1920,3,61700001153
1921,1,61700001153
1922,6,61700001153
1923,5,61700001153
1924,2,61700001153
1925,4,61700001153
1926,7,61700001153
1927,1,61700001153
1928,7,61700001153
1929,1,61700001153
1930,3,61700001153
1931,3,61700001153
1932,7,61700001153
1933,3,61700001153
1934,3,61700001153
1935,1,61700001153
1936,6,61700001153
1937,2,61700001153
1938,4,61700001153
1939,5,61700001153
1940,5,61700001153
1941,0,61700001153
1942,2,61700001153
1943,1,61700001153
1944,4,61700001153
1945,-99.9,61700001153
1946,-99.9,61700001153
1947,4,61700001153
1948,5,61700001153
1949,3,61700001153
1950,3,61700001153
1951,3,61700001153
1952,3,61700001153
1953,3,61700001153
1954,5,61700001153
1955,5,61700001153
1956,5,61700001153
1957,4,61700001153
1958,3,61700001153
1959,1,61700001153
1960,3,61700001153
1961,5,61700001153
1962,2,61700001153
1963,3,61700001153
1964,1,61700001153
1965,3,61700001153
1966,4,61700001153
1967,3,61700001153
1968,6,61700001153
1969,2,61700001153
1970,3,61700001153
1971,3,61700001153
1972,2,61700001153
1973,1,61700001153
1974,2,61700001153
1975,2,61700001153
1976,3,61700001153
1977,2,61700001153
1978,5,61700001153
1979,3,61700001153
1980,3,61700001153
1981,4,61700001153
1982,3,61700001153
1983,2,61700001153
1984,9,61700001153
1985,2,61700001153
1986,5,61700001153
1987,7,61700001153
1988,3,61700001153
1989,2,61700001153
1990,5,61700001153
1991,4,61700001153
1876,2,LOCID000037
1877,3,LOCID000037
1878,1,LOCID000037
1879,1,LOCID000037
1880,2,LOCID000037
1881,1,LOCID000037
1882,6,LOCID000037
1883,1,LOCID000037
1884,3,LOCID000037
1885,6,LOCID000037
1886,1,LOCID000037
1887,5,LOCID000037
1888,3,LOCID000037
1889,6,LOCID000037
1890,2,LOCID000037
1891,7,LOCID000037
1892,2,LOCID000037
1893,2,LOCID000037
1894,2,LOCID000037
1895,1,LOCID000037
1896,3,LOCID000037
1897,6,LOCID000037
1898,2,LOCID000037
1899,3,LOCID000037
1900,1,LOCID000037
1901,1,LOCID000037
1902,3,LOCID000037
1903,0,LOCID000037
1904,2,LOCID000037
1905,3,LOCID000037
1906,2,LOCID000037
1907,5,LOCID000037
1908,3,LOCID000037
1909,3,LOCID000037
1910,4,LOCID000037
1911,1,LOCID000037
1912,2,LOCID000037
1913,1,LOCID000037
1914,7,LOCID000037
1915,3,LOCID000037
1916,3,LOCID000037
1917,0,LOCID000037
1918,1,LOCID000037
1919,1,LOCID000037
1920,4,LOCID000037
1921,3,LOCID000037
1922,4,LOCID000037
1923,1,LOCID000037
1924,1,LOCID000037
1925,1,LOCID000037
1926,5,LOCID000037
1927,3,LOCID000037
1928,1,LOCID000037
1929,2,LOCID000037
1930,3,LOCID000037
1931,5,LOCID000037
1932,1,LOCID000037
1933,2,LOCID000037
1934,7,LOCID000037
1935,4,LOCID000037
1936,0,LOCID000037
1937,5,LOCID000037
1938,5,LOCID000037
1939,5,LOCID000037
1940,1,LOCID000037
1941,4,LOCID000037
1942,1,LOCID000037
1943,0,LOCID000037
1944,0,LOCID000037
1945,2,LOCID000037
1946,2,LOCID000037
1947,4,LOCID000037
1948,5,LOCID000037
1949,1,LOCID000037
1950,3,LOCID000037
1951,3,LOCID000037
1952,2,LOCID000037
1953,5,LOCID000037
1954,9,LOCID000037
1955,0,LOCID000037
1956,4,LOCID000037
1957,1,LOCID000037
1958,6,LOCID000037
1959,8,LOCID000037
1960,1,LOCID000037
1961,3,LOCID000037
1962,1,LOCID000037
1963,0,LOCID000037
1964,4,LOCID000037
1965,1,LOCID000037
1966,4,LOCID000037
1967,1,LOCID000037
1968,4,LOCID000037
1969,2,LOCID000037
1970,3,LOCID000037
1971,3,LOCID000037
1972,3,LOCID000037
1973,2,LOCID000037
1974,6,LOCID000037
1975,4,LOCID000037
1976,0,LOCID000037
1977,3,LOCID000037
1978,2,LOCID000037
1979,2,LOCID000037
1980,3,LOCID000037
1981,3,LOCID000037
1982,2,LOCID000037
1983,4,LOCID000037
1984,0,LOCID000037
1985,1,LOCID000037
1986,3,LOCID000037
1987,2,LOCID000037
1988,2,LOCID000037
1989,1,LOCID000037
1990,4,LOCID000037
1991,1,LOCID000037
1992,2,LOCID000037
1993,1,LOCID000037
1994,7,LOCID000037
1995,1,LOCID000037
1996,3,LOCID000037
1997,2,LOCID000037
1998,0,LOCID000037
1999,0,LOCID000037
2000,1,LOCID000037
2001,3,LOCID000037
2002,6,LOCID000037
2003,0,LOCID000037
2004,0,LOCID000037
1879,3,LOCID000036
1880,3,LOCID000036
1881,4,LOCID000036
1882,3,LOCID000036
1883,1,LOCID000036
1884,1,LOCID000036
1885,2,LOCID000036
1886,2,LOCID000036
1887,1,LOCID000036
1888,4,LOCID000036
1889,4,LOCID000036
1890,5,LOCID000036
1891,2,LOCID000036
1892,1,LOCID000036
1893,4,LOCID000036
1894,1,LOCID000036
1895,2,LOCID000036
1896,2,LOCID000036
1897,1,LOCID000036
1898,1,LOCID000036
1899,2,LOCID000036
1900,3,LOCID000036
1901,6,LOCID000036
1902,2,LOCID000036
1903,2,LOCID000036
1904,0,LOCID000036
1905,2,LOCID000036
1906,5,LOCID000036
1907,1,LOCID000036
1908,2,LOCID000036
1909,1,LOCID000036
1910,4,LOCID000036
1911,0,LOCID000036
1912,0,LOCID000036
1913,3,LOCID000036
1914,4,LOCID000036
1915,0,LOCID000036
1916,1,LOCID000036
1917,3,LOCID000036
1918,0,LOCID000036
1919,3,LOCID000036
1920,3,LOCID000036
1921,0,LOCID000036
1922,5,LOCID000036
1923,2,LOCID000036
1924,2,LOCID000036
1925,2,LOCID000036
1926,3,LOCID000036
1927,5,LOCID000036
1928,1,LOCID000036
1929,0,LOCID000036
1930,3,LOCID000036
1931,2,LOCID000036
1932,1,LOCID000036
1933,3,LOCID000036
1934,4,LOCID000036
1935,6,LOCID000036
1936,4,LOCID000036
1937,3,LOCID000036
1938,1,LOCID000036
1939,2,LOCID000036
1940,6,LOCID000036
1941,5,LOCID000036
1942,3,LOCID000036
1943,2,LOCID000036
1944,4,LOCID000036
1945,6,LOCID000036
1946,3,LOCID000036
1947,2,LOCID000036
1948,3,LOCID000036
1949,2,LOCID000036
1950,3,LOCID000036
1951,3,LOCID000036
1952,5,LOCID000036
1953,2,LOCID000036
1954,3,LOCID000036
1955,3,LOCID000036
1956,6,LOCID000036
1957,2,LOCID000036
1958,2,LOCID000036
1959,4,LOCID000036
1960,2,LOCID000036
1961,2,LOCID000036
1962,0,LOCID000036
1963,4,LOCID000036
1964,1,LOCID000036
1965,5,LOCID000036
1966,3,LOCID000036
1967,3,LOCID000036
1968,5,LOCID000036
1969,4,LOCID000036
1970,3,LOCID000036
1971,5,LOCID000036
1972,3,LOCID000036
1973,2,LOCID000036
1974,1,LOCID000036
1975,1,LOCID000036
1976,2,LOCID000036
1977,1,LOCID000036
1978,5,LOCID000036
1979,2,LOCID000036
1980,4,LOCID000036
1981,4,LOCID000036
1982,1,LOCID000036
1983,3,LOCID000036
1984,5,LOCID000036
1985,1,LOCID000036
1986,0,LOCID000036
1987,5,LOCID000036
1988,1,LOCID000036
1989,4,LOCID000036
1990,2,LOCID000036
1991,2,LOCID000036
1992,4,LOCID000036
1993,2,LOCID000036
1994,2,LOCID000036
1995,6,LOCID000036
1996,5,LOCID000036
1997,2,LOCID000036
1998,6,LOCID000036
1999,2,LOCID000036
2000,2,LOCID000036
2001,2,LOCID000036
2002,6,LOCID000036
2003,2,LOCID000036
2004,5,LOCID000036
1901,5,61700004204
1902,3,61700004204
1903,3,61700004204
1904,2,61700004204
1905,6,61700004204
1906,4,61700004204
1907,4,61700004204
1908,5,61700004204
1909,6,61700004204
1910,3,61700004204
1911,2,61700004204
1912,4,61700004204
1913,1,61700004204
1914,4,61700004204
1915,1,61700004204
1916,3,61700004204
1917,2,61700004204
1918,2,61700004204
1919,2,61700004204
1920,4,61700004204
1921,3,61700004204
1922,3,61700004204
1923,0,61700004204
1924,3,61700004204
1925,1,61700004204
1926,4,61700004204
1927,1,61700004204
1928,0,61700004204
1929,1,61700004204
1930,2,61700004204
1931,2,61700004204
1932,4,61700004204
1933,1,61700004204
1934,4,61700004204
1935,1,61700004204
1936,1,61700004204
1937,3,61700004204
1938,2,61700004204
1939,5,61700004204
1940,3,61700004204
1941,4,61700004204
1942,3,61700004204
1943,0,61700004204
1944,2,61700004204
1945,4,61700004204
1946,2,61700004204
1947,2,61700004204
1948,2,61700004204
1949,3,61700004204
1950,4,61700004204
1951,6,61700004204
1952,3,61700004204
1953,5,61700004204
1954,4,61700004204
1955,4,61700004204
1956,8,61700004204
1957,2,61700004204
1958,3,61700004204
1959,4,61700004204
1960,3,61700004204
1961,3,61700004204
1962,0,61700004204
1963,3,61700004204
1964,3,61700004204
1965,3,61700004204
1966,2,61700004204
1967,3,61700004204
1968,1,61700004204
1969,3,61700004204
1970,1,61700004204
1971,6,61700004204
1972,1,61700004204
1973,0,61700004204
1974,2,61700004204
1975,5,61700004204
1976,2,61700004204
1977,5,61700004204
1978,5,61700004204
1979,4,61700004204
1980,3,61700004204
1981,5,61700004204
1982,1,61700004204
1983,4,61700004204
1984,5,61700004204
1985,1,61700004204
1986,4,61700004204
1987,2,61700004204
1988,1,61700004204
1989,3,61700004204
1990,1,61700004204
1991,1,61700004204
1992,4,61700004204
1993,4,61700004204
1994,4,61700004204
1995,7,61700004204
1996,5,61700004204
1997,-99.9,61700004204
1998,1,61700004204
1999,2,61700004204
1901,5,61700004199
1902,3,61700004199
1903,8,61700004199
1904,8,61700004199
1905,7,61700004199
1906,7,61700004199
1907,6,61700004199
1908,6,61700004199
1909,14,61700004199
1910,7,61700004199
1911,4,61700004199
1912,10,61700004199
1913,6,61700004199
1914,3,61700004199
1915,9,61700004199
1916,7,61700004199
1917,13,61700004199
1918,5,61700004199
1919,7,61700004199
1920,10,61700004199
1921,7,61700004199
1922,10,61700004199
1923,4,61700004199
1924,6,61700004199
1925,10,61700004199
1926,11,61700004199
1927,6,61700004199
1928,5,61700004199
1929,5,61700004199
1930,13,61700004199
1931,10,61700004199
1932,5,61700004199
1933,8,61700004199
1934,10,61700004199
1935,4,61700004199
1936,8,61700004199
1937,8,61700004199
1938,6,61700004199
1939,12,61700004199
1940,12,61700004199
1941,8,61700004199
1942,7,61700004199
1943,6,61700004199
1944,-99.9,61700004199
1945,-99.9,61700004199
1946,-99.9,61700004199
1947,-99.9,61700004199
1948,8,61700004199
1949,9,61700004199
1950,8,61700004199
1951,8,61700004199
1952,4,61700004199
1953,10,61700004199
1954,11,61700004199
1955,9,61700004199
1956,6,61700004199
1957,8,61700004199
1958,5,61700004199
1959,7,61700004199
1960,5,61700004199
1961,7,61700004199
1962,8,61700004199
1963,6,61700004199
1964,10,61700004199
1965,8,61700004199
1966,10,61700004199
1967,6,61700004199
1968,7,61700004199
1969,4,61700004199
1970,7,61700004199
1971,7,61700004199
1972,7,61700004199
1973,3,61700004199
1974,6,61700004199
1975,10,61700004199
1976,10,61700004199
1977,11,61700004199
1978,5,61700004199
1979,12,61700004199
1980,12,61700004199
1981,12,61700004199
1982,7,61700004199
1983,9,61700004199
1984,6,61700004199
1985,9,61700004199
1986,5,61700004199
1987,11,61700004199
1988,10,61700004199
1989,10,61700004199
1990,10,61700004199
1991,9,61700004199
1992,7,61700004199
1993,10,61700004199
1994,7,61700004199
1995,10,61700004199
1996,6,61700004199
1997,6,61700004199
1998,8,61700004199
1999,-99.9,61700004199
1901,5,61700003218
1902,1,61700003218
1903,1,61700003218
1904,2,61700003218
1905,4,61700003218
1906,4,61700003218
1907,6,61700003218
1908,4,61700003218
1909,3,61700003218
1910,4,61700003218
1911,0,61700003218
1912,1,61700003218
1913,0,61700003218
1914,3,61700003218
1915,2,61700003218
1916,2,61700003218
1917,1,61700003218
1918,1,61700003218
1919,3,61700003218
1920,2,61700003218
1921,4,61700003218
1922,3,61700003218
1923,2,61700003218
1924,5,61700003218
1925,0,61700003218
1926,1,61700003218
1927,3,61700003218
1928,1,61700003218
1929,0,61700003218
1930,2,61700003218
1931,4,61700003218
1932,3,61700003218
1933,0,61700003218
1934,3,61700003218
1935,3,61700003218
1936,0,61700003218
1937,4,61700003218
1938,1,61700003218
1939,7,61700003218
1940,3,61700003218
1941,2,61700003218
1942,2,61700003218
1943,4,61700003218
1944,3,61700003218
1945,3,61700003218
1946,2,61700003218
1947,1,61700003218
1948,5,61700003218
1949,1,61700003218
1950,3,61700003218
1951,6,61700003218
1952,3,61700003218
1953,1,61700003218
1954,4,61700003218
1955,5,61700003218
1956,3,61700003218
1957,2,61700003218
1958,3,61700003218
1959,4,61700003218
1960,1,61700003218
1961,2,61700003218
1962,0,61700003218
1963,3,61700003218
1964,1,61700003218
1965,3,61700003218
1966,2,61700003218
1967,2,61700003218
1968,2,61700003218
1969,1,61700003218
1970,5,61700003218
1971,4,61700003218
1972,3,61700003218
1973,1,61700003218
1974,2,61700003218
1975,2,61700003218
1976,0,61700003218
1977,5,61700003218
1978,1,61700003218
1979,2,61700003218
1980,3,61700003218
1981,-99.9,61700003218
1982,-99.9,61700003218
1983,-99.9,61700003218
1984,1,61700003218
1985,0,61700003218
1986,2,61700003218
1987,2,61700003218
1988,0,61700003218
1989,0,61700003218
1990,-99.9,61700003218
1901,9,61700002716
1902,1,61700002716
1903,7,61700002716
1904,5,61700002716
1905,1,61700002716
1906,6,61700002716
1907,1,61700002716
1908,3,61700002716
1909,3,61700002716
1910,5,61700002716
1911,2,61700002716
1912,4,61700002716
1913,5,61700002716
1914,10,61700002716
1915,2,61700002716
1916,2,61700002716
1917,5,61700002716
1918,2,61700002716
1919,1,61700002716
1920,4,61700002716
1921,2,61700002716
1922,7,61700002716
1923,3,61700002716
1924,4,61700002716
1925,2,61700002716
1926,3,61700002716
1927,6,61700002716
1928,0,61700002716
1929,3,61700002716
1930,3,61700002716
1931,6,61700002716
1932,5,61700002716
1933,0,61700002716
1934,8,61700002716
1935,3,61700002716
1936,10,61700002716
1937,3,61700002716
1938,4,61700002716
1939,6,61700002716
1940,9,61700002716
1941,7,61700002716
1942,0,61700002716
1943,4,61700002716
1944,5,61700002716
1945,-99.9,61700002716
1946,4,61700002716
1947,-99.9,61700002716
1948,4,61700002716
1949,1,61700002716
1950,3,61700002716
1951,2,61700002716
1952,0,61700002716
1953,4,61700002716
1954,4,61700002716
1955,3,61700002716
1956,3,61700002716
1957,2,61700002716
1958,6,61700002716
1959,3,61700002716
1960,6,61700002716
1961,1,61700002716
1962,0,61700002716
1963,5,61700002716
1964,3,61700002716
1965,8,61700002716
1966,7,61700002716
1967,0,61700002716
1968,8,61700002716
1969,2,61700002716
1970,1,61700002716
1971,5,61700002716
1972,6,61700002716
1973,5,61700002716
1974,1,61700002716
1975,5,61700002716
1976,5,61700002716
1977,2,61700002716
1978,4,61700002716
1979,3,61700002716
1980,1,61700002716
1981,5,61700002716
1982,6,61700002716
1983,4,61700002716
1984,4,61700002716
1985,4,61700002716
1986,9,61700002716
1987,8,61700002716
1988,4,61700002716
1989,5,61700002716
1990,3,61700002716
1991,4,61700002716
1992,7,61700002716
1993,5,61700002716
1994,7,61700002716
1995,4,61700002716
1996,2,61700002716
1997,2,61700002716
1998,4,61700002716
1999,2,61700002716
1901,21,61700004155
1902,9,61700004155
1903,18,61700004155
1904,15,61700004155
1905,9,61700004155
1906,16,61700004155
1907,11,61700004155
1908,9,61700004155
1909,10,61700004155
1910,27,61700004155
1911,1,61700004155
1912,12,61700004155
1913,9,61700004155
1914,8,61700004155
1915,14,61700004155
1916,18,61700004155
1917,11,61700004155
1918,12,61700004155
1919,5,61700004155
1920,12,61700004155
1921,9,61700004155
1922,11,61700004155
1923,6,61700004155
1924,9,61700004155
1925,9,61700004155
1926,18,61700004155
1927,10,61700004155
1928,9,61700004155
1929,22,61700004155
1930,24,61700004155
1931,14,61700004155
1932,14,61700004155
1933,40,61700004155
1934,32,61700004155
1935,38,61700004155
1936,43,61700004155
1937,44,61700004155
1938,31,61700004155
1939,36,61700004155
1940,12,61700004155
1941,9,61700004155
1942,3,61700004155
1943,7,61700004155
1944,19,61700004155
1945,-99.9,61700004155
1946,2,61700004155
1947,6,61700004155
1948,5,61700004155
1949,9,61700004155
1950,17,61700004155
1951,26,61700004155
1952,34,61700004155
1953,18,61700004155
1954,34,61700004155
1955,30,61700004155
1956,29,61700004155
1957,18,61700004155
1958,32,61700004155
1959,21,61700004155
1960,18,61700004155
1961,22,61700004155
1962,35,61700004155
1963,18,61700004155
1964,29,61700004155
1965,41,61700004155
1966,43,61700004155
1967,26,61700004155
1968,28,61700004155
1969,17,61700004155
1970,43,61700004155
1971,21,61700004155
1972,23,61700004155
1973,32,61700004155
1974,37,61700004155
1975,19,61700004155
1976,27,61700004155
1977,29,61700004155
1978,24,61700004155
1979,38,61700004155
1980,40,61700004155
1981,43,61700004155
1982,22,61700004155
1983,33,61700004155
1984,23,61700004155
1985,21,61700004155
1986,26,61700004155
1987,27,61700004155
1988,47,61700004155
1989,21,61700004155
1990,20,61700004155
1991,28,61700004155
1992,30,61700004155
1993,32,61700004155
1994,23,61700004155
1995,45,61700004155
1996,24,61700004155
1997,29,61700004155
1998,30,61700004155
1999,36,61700004155
1901,5,61700002641
1902,2,61700002641
1903,1,61700002641
1904,5,61700002641
1905,2,61700002641
1906,1,61700002641
1907,1,61700002641
1908,3,61700002641
1909,4,61700002641
1910,2,61700002641
1911,1,61700002641
1912,2,61700002641
1913,2,61700002641
1914,2,61700002641
1915,0,61700002641
1916,2,61700002641
1917,1,61700002641
1918,1,61700002641
1919,2,61700002641
1920,2,61700002641
1921,2,61700002641
1922,7,61700002641
1923,2,61700002641
1924,6,61700002641
1925,1,61700002641
1926,1,61700002641
1927,3,61700002641
1928,3,61700002641
1929,2,61700002641
1930,7,61700002641
1931,7,61700002641
1932,7,61700002641
1933,0,61700002641
1934,2,61700002641
1935,5,61700002641
1936,3,61700002641
1937,2,61700002641
1938,2,61700002641
1939,2,61700002641
1940,9,61700002641
1941,4,61700002641
1942,4,61700002641
1943,4,61700002641
1944,5,61700002641
1945,-99.9,61700002641
1946,4,61700002641
1947,3,61700002641
1948,2,61700002641
1949,3,61700002641
1950,6,61700002641
1951,1,61700002641
1952,2,61700002641
1953,3,61700002641
1954,2,61700002641
1955,3,61700002641
1956,6,61700002641
1957,2,61700002641
1958,3,61700002641
1959,0,61700002641
1960,4,61700002641
1961,5,61700002641
1962,1,61700002641
1963,5,61700002641
1964,1,61700002641
1965,5,61700002641
1966,2,61700002641
1967,3,61700002641
1968,6,61700002641
1969,1,61700002641
1970,1,61700002641
1971,1,61700002641
1972,5,61700002641
1973,1,61700002641
1974,1,61700002641
1975,4,61700002641
1976,0,61700002641
1977,6,61700002641
1978,5,61700002641
1979,2,61700002641
1980,2,61700002641
1981,8,61700002641
1982,4,61700002641
1983,2,61700002641
1984,-99.9,61700002641
1985,-99.9,61700002641
1986,2,61700002641
1987,3,61700002641
1988,4,61700002641
1989,3,61700002641
1990,2,61700002641
1991,-99.9,61700002641
1992,-99.9,61700002641
1993,4,61700002641
1994,4,61700002641
1995,3,61700002641
1996,0,61700002641
1997,1,61700002641
1998,5,61700002641
1999,3,61700002641
1879,-99.9,LOCID000038
1880,-99.9,LOCID000038
1881,-99.9,LOCID000038
1882,-99.9,LOCID000038
1883,-99.9,LOCID000038
1884,-99.9,LOCID000038
1885,-99.9,LOCID000038
1886,-99.9,LOCID000038
1887,-99.9,LOCID000038
1888,-99.9,LOCID000038
1889,-99.9,LOCID000038
1890,1,LOCID000038
1891,3,LOCID000038
1892,1,LOCID000038
1893,2,LOCID000038
1894,3,LOCID000038
1895,2,LOCID000038
1896,2,LOCID000038
1897,1,LOCID000038
1898,2,LOCID000038
1899,0,LOCID000038
1900,2,LOCID000038
1901,2,LOCID000038
1902,1,LOCID000038
1903,5,LOCID000038
1904,0,LOCID000038
1905,4,LOCID000038
1906,3,LOCID000038
1907,0,LOCID000038
1908,3,LOCID000038
1909,6,LOCID000038
1910,4,LOCID000038
1911,0,LOCID000038
1912,5,LOCID000038
1913,3,LOCID000038
1914,6,LOCID000038
1915,2,LOCID000038
1916,1,LOCID000038
1917,2,LOCID000038
1918,1,LOCID000038
1919,1,LOCID000038
1920,2,LOCID000038
1921,1,LOCID000038
1922,1,LOCID000038
1923,1,LOCID000038
1924,0,LOCID000038
1925,1,LOCID000038
1926,2,LOCID000038
1927,3,LOCID000038
1928,1,LOCID000038
1929,1,LOCID000038
1930,3,LOCID000038
1931,3,LOCID000038
1932,3,LOCID000038
1933,1,LOCID000038
1934,1,LOCID000038
1935,2,LOCID000038
1936,3,LOCID000038
1937,2,LOCID000038
1938,5,LOCID000038
1939,5,LOCID000038
1940,4,LOCID000038
1941,3,LOCID000038
1942,3,LOCID000038
1943,0,LOCID000038
1944,1,LOCID000038
1945,-99.9,LOCID000038
1946,3,LOCID000038
1947,3,LOCID000038
1948,4,LOCID000038
1949,5,LOCID000038
1950,3,LOCID000038
1951,5,LOCID000038
1952,3,LOCID000038
1953,3,LOCID000038
1954,3,LOCID000038
1955,7,LOCID000038
1956,4,LOCID000038
1957,4,LOCID000038
1958,4,LOCID000038
1959,1,LOCID000038
1960,4,LOCID000038
1961,4,LOCID000038
1962,2,LOCID000038
1963,2,LOCID000038
1964,1,LOCID000038
1965,5,LOCID000038
1966,5,LOCID000038
1967,4,LOCID000038
1968,6,LOCID000038
1969,2,LOCID000038
1970,2,LOCID000038
1971,4,LOCID000038
1972,4,LOCID000038
1973,0,LOCID000038
1974,3,LOCID000038
1975,2,LOCID000038
1976,1,LOCID000038
1977,2,LOCID000038
1978,2,LOCID000038
1979,2,LOCID000038
1980,1,LOCID000038
1981,6,LOCID000038
1982,2,LOCID000038
1983,1,LOCID000038
1984,1,LOCID000038
1985,1,LOCID000038
1986,1,LOCID000038
1987,0,LOCID000038
1988,2,LOCID000038
1989,5,LOCID000038
1990,2,LOCID000038
1991,3,LOCID000038
1992,3,LOCID000038
1993,7,LOCID000038
1994,3,LOCID000038
1995,4,LOCID000038
1996,2,LOCID000038
1997,2,LOCID000038
1998,3,LOCID000038
1999,0,LOCID000038
2000,0,LOCID000038
2001,4,LOCID000038
2002,9,LOCID000038
2003,3,LOCID000038
2004,4,LOCID000038
1879,-99.9,LOCID000039
1880,-99.9,LOCID000039
1881,-99.9,LOCID000039
1882,-99.9,LOCID000039
1883,-99.9,LOCID000039
1884,-99.9,LOCID000039
1885,-99.9,LOCID000039
1886,-99.9,LOCID000039
1887,-99.9,LOCID000039
1888,-99.9,LOCID000039
1889,-99.9,LOCID000039
1890,-99.9,LOCID000039
1891,-99.9,LOCID000039
1892,-99.9,LOCID000039
1893,-99.9,LOCID000039
1894,-99.9,LOCID000039
1895,-99.9,LOCID000039
1896,-99.9,LOCID000039
1897,-99.9,LOCID000039
1898,-99.9,LOCID000039
1899,-99.9,LOCID000039
1900,-99.9,LOCID000039
1901,-99.9,LOCID000039
1902,-99.9,LOCID000039
1903,-99.9,LOCID000039
1904,-99.9,LOCID000039
1905,-99.9,LOCID000039
1906,-99.9,LOCID000039
1907,-99.9,LOCID000039
1908,-99.9,LOCID000039
1909,-99.9,LOCID000039
1910,-99.9,LOCID000039
1911,-99.9,LOCID000039
1912,-99.9,LOCID000039
1913,-99.9,LOCID000039
1914,-99.9,LOCID000039
1915,-99.9,LOCID000039
1916,-99.9,LOCID000039
1917,2,LOCID000039
1918,2,LOCID000039
1919,3,LOCID000039
1920,3,LOCID000039
1921,5,LOCID000039
1922,2,LOCID000039
1923,4,LOCID000039
1924,6,LOCID000039
1925,5,LOCID000039
1926,6,LOCID000039
1927,4,LOCID000039
1928,0,LOCID000039
1929,2,LOCID000039
1930,5,LOCID000039
1931,3,LOCID000039
1932,5,LOCID000039
1933,4,LOCID000039
1934,8,LOCID000039
1935,4,LOCID000039
1936,1,LOCID000039
1937,7,LOCID000039
1938,1,LOCID000039
1939,4,LOCID000039
1940,3,LOCID000039
1941,8,LOCID000039
1942,2,LOCID000039
1943,0,LOCID000039
1944,6,LOCID000039
1945,3,LOCID000039
1946,5,LOCID000039
1947,3,LOCID000039
1948,4,LOCID000039
1949,3,LOCID000039
1950,6,LOCID000039
1951,4,LOCID000039
1952,5,LOCID000039
1953,4,LOCID000039
1954,7,LOCID000039
1955,3,LOCID000039
1956,3,LOCID000039
1957,7,LOCID000039
1958,6,LOCID000039
1959,7,LOCID000039
1960,3,LOCID000039
1961,2,LOCID000039
1962,2,LOCID000039
1963,2,LOCID000039
1964,2,LOCID000039
1965,5,LOCID000039
1966,6,LOCID000039
1967,7,LOCID000039
1968,2,LOCID000039
1969,2,LOCID000039
1970,5,LOCID000039
1971,4,LOCID000039
1972,2,LOCID000039
1973,6,LOCID000039
1974,8,LOCID000039
1975,2,LOCID000039
1976,1,LOCID000039
1977,3,LOCID000039
1978,3,LOCID000039
1979,2,LOCID000039
1980,5,LOCID000039
1981,7,LOCID000039
1982,3,LOCID000039
1983,5,LOCID000039
1984,3,LOCID000039
1985,3,LOCID000039
1986,8,LOCID000039
1987,8,LOCID000039
1988,2,LOCID000039
1989,3,LOCID000039
1990,2,LOCID000039
1991,2,LOCID000039
1992,3,LOCID000039
1993,1,LOCID000039
1994,6,LOCID000039
1995,4,LOCID000039
1996,2,LOCID000039
1997,4,LOCID000039
1998,6,LOCID000039
1999,4,LOCID000039
2000,2,LOCID000039
2001,3,LOCID000039
2002,6,LOCID000039
2003,4,LOCID000039
2004,2,LOCID000039
1901,2,61700003038
1902,2,61700003038
1903,4,61700003038
1904,0,61700003038
1905,0,61700003038
1906,1,61700003038
1907,0,61700003038
1908,0,61700003038
1909,2,61700003038
1910,2,61700003038
1911,0,61700003038
1912,2,61700003038
1913,0,61700003038
1914,4,61700003038
1915,1,61700003038
1916,2,61700003038
1917,3,61700003038
1918,0,61700003038
1919,1,61700003038
1920,2,61700003038
1921,2,61700003038
1922,3,61700003038
1923,2,61700003038
1924,2,61700003038
1925,2,61700003038
1926,3,61700003038
1927,5,61700003038
1928,3,61700003038
1929,3,61700003038
1930,3,61700003038
1931,4,61700003038
1932,1,61700003038
1933,2,61700003038
1934,3,61700003038
1935,-99.9,61700003038
1936,2,61700003038
1937,0,61700003038
1938,0,61700003038
1939,2,61700003038
1940,2,61700003038
1941,1,61700003038
1942,-99.9,61700003038
1943,-99.9,61700003038
1944,-99.9,61700003038
1945,-99.9,61700003038
1946,1,61700003038
1947,1,61700003038
1948,6,61700003038
1949,4,61700003038
1950,5,61700003038
1951,5,61700003038
1952,3,61700003038
1953,1,61700003038
1954,4,61700003038
1955,6,61700003038
1956,1,61700003038
1957,4,61700003038
1958,1,61700003038
1959,2,61700003038
1960,4,61700003038
1961,1,61700003038
1962,2,61700003038
1963,2,61700003038
1964,2,61700003038
1965,3,61700003038
1966,4,61700003038
1967,3,61700003038
1968,4,61700003038
1969,3,61700003038
1970,4,61700003038
1971,2,61700003038
1972,2,61700003038
1973,1,61700003038
1974,2,61700003038
1975,1,61700003038
1976,2,61700003038
1977,1,61700003038
1978,3,61700003038
1979,2,61700003038
1980,6,61700003038
1981,3,61700003038
1982,2,61700003038
1983,2,61700003038
1984,2,61700003038
1985,0,61700003038
1986,3,61700003038
1987,3,61700003038
1988,2,61700003038
1989,2,61700003038
1990,0,61700003038
1991,2,61700003038
1992,2,61700003038
1993,6,61700003038
1994,6,61700003038
1995,0,61700003038
1996,2,61700003038
1997,1,61700003038
1998,3,61700003038
1999,0,61700003038
1879,14,61700010962
1880,15,61700010962
1881,10,61700010962
1882,6,61700010962
1883,9,61700010962
1884,13,61700010962
1885,8,61700010962
1886,10,61700010962
1887,9,61700010962
1888,11,61700010962
1889,6,61700010962
1890,11,61700010962
1891,4,61700010962
1892,12,61700010962
1893,6,61700010962
1894,5,61700010962
1895,8,61700010962
1896,16,61700010962
1897,12,61700010962
1898,7,61700010962
1899,10,61700010962
1900,7,61700010962
1901,10,61700010962
1902,2,61700010962
1903,6,61700010962
1904,11,61700010962
1905,10,61700010962
1906,7,61700010962
1907,10,61700010962
1908,8,61700010962
1909,7,61700010962
1910,17,61700010962
1911,9,61700010962
1912,19,61700010962
1913,11,61700010962
1914,10,61700010962
1915,14,61700010962
1916,9,61700010962
1917,11,61700010962
1918,15,61700010962
1919,10,61700010962
1920,17,61700010962
1921,17,61700010962
1922,18,61700010962
1923,8,61700010962
1924,10,61700010962
1925,8,61700010962
1926,9,61700010962
1927,10,61700010962
1928,6,61700010962
1929,5,61700010962
1930,13,61700010962
1931,8,61700010962
1932,17,61700010962
1933,12,61700010962
1934,14,61700010962
1935,11,61700010962
1936,16,61700010962
1937,16,61700010962
1938,10,61700010962
1939,23,61700010962
1940,14,61700010962
1941,14,61700010962
1942,7,61700010962
1943,7,61700010962
1944,18,61700010962
1945,6,61700010962
1946,7,61700010962
1947,8,61700010962
1948,9,61700010962
1949,13,61700010962
1950,9,61700010962
1951,12,61700010962
1952,9,61700010962
1953,11,61700010962
1954,16,61700010962
1955,13,61700010962
1956,13,61700010962
1957,15,61700010962
1958,11,61700010962
1959,14,61700010962
1960,11,61700010962
1961,12,61700010962
1962,9,61700010962
1963,14,61700010962
1964,15,61700010962
1965,16,61700010962
1966,20,61700010962
1967,11,61700010962
1968,14,61700010962
1969,10,61700010962
1970,5,61700010962
1971,12,61700010962
1972,12,61700010962
1973,8,61700010962
1974,13,61700010962
1975,16,61700010962
1976,7,61700010962
1977,15,61700010962
1978,19,61700010962
1979,19,61700010962
1980,12,61700010962
1981,19,61700010962
1982,14,61700010962
1983,14,61700010962
1984,10,61700010962
1985,14,61700010962
1986,11,61700010962
1987,7,61700010962
1988,13,61700010962
1989,14,61700010962
1990,18,61700010962
1991,10,61700010962
1992,13,61700010962
1993,15,61700010962
1994,7,61700010962
1995,14,61700010962
1996,9,61700010962
1997,9,61700010962
1998,11,61700010962
1999,10,61700010962
1879,-99.9,LOCID000049
1880,-99.9,LOCID000049
1881,-99.9,LOCID000049
1882,-99.9,LOCID000049
1883,-99.9,LOCID000049
1884,-99.9,LOCID000049
1885,-99.9,LOCID000049
1886,-99.9,LOCID000049
1887,-99.9,LOCID000049
1888,-99.9,LOCID000049
1889,-99.9,LOCID000049
1890,-99.9,LOCID000049
1891,2,LOCID000049
1892,0,LOCID000049
1893,3,LOCID000049
1894,3,LOCID000049
1895,2,LOCID000049
1896,3,LOCID000049
1897,2,LOCID000049
1898,4,LOCID000049
1899,3,LOCID000049
1900,1,LOCID000049
1901,9,LOCID000049
1902,0,LOCID000049
1903,2,LOCID000049
1904,2,LOCID000049
1905,2,LOCID000049
1906,2,LOCID000049
1907,3,LOCID000049
1908,3,LOCID000049
1909,6,LOCID000049
1910,2,LOCID000049
1911,0,LOCID000049
1912,4,LOCID000049
1913,0,LOCID000049
1914,5,LOCID000049
1915,2,LOCID000049
1916,2,LOCID000049
1917,6,LOCID000049
1918,1,LOCID000049
1919,2,LOCID000049
1920,3,LOCID000049
1921,1,LOCID000049
1922,6,LOCID000049
1923,5,LOCID000049
1924,2,LOCID000049
1925,4,LOCID000049
1926,7,LOCID000049
1927,1,LOCID000049
1928,7,LOCID000049
1929,1,LOCID000049
1930,3,LOCID000049
1931,3,LOCID000049
1932,7,LOCID000049
1933,3,LOCID000049
1934,3,LOCID000049
1935,1,LOCID000049
1936,6,LOCID000049
1937,2,LOCID000049
1938,4,LOCID000049
1939,5,LOCID000049
1940,5,LOCID000049
1941,0,LOCID000049
1942,2,LOCID000049
1943,1,LOCID000049
1944,4,LOCID000049
1945,-99.9,LOCID000049
1946,-99.9,LOCID000049
1947,4,LOCID000049
1948,5,LOCID000049
1949,3,LOCID000049
1950,3,LOCID000049
1951,3,LOCID000049
1952,3,LOCID000049
1953,3,LOCID000049
1954,5,LOCID000049
1955,5,LOCID000049
1956,5,LOCID000049
1957,4,LOCID000049
1958,3,LOCID000049
1959,1,LOCID000049
1960,3,LOCID000049
1961,5,LOCID000049
1962,2,LOCID000049
1963,3,LOCID000049
1964,1,LOCID000049
1965,3,LOCID000049
1966,4,LOCID000049
1967,3,LOCID000049
1968,6,LOCID000049
1969,2,LOCID000049
1970,3,LOCID000049
1971,3,LOCID000049
1972,2,LOCID000049
1973,1,LOCID000049
1974,2,LOCID000049
1975,2,LOCID000049
1976,3,LOCID000049
1977,2,LOCID000049
1978,5,LOCID000049
1979,3,LOCID000049
1980,3,LOCID000049
1981,4,LOCID000049
1982,3,LOCID000049
1983,2,LOCID000049
1984,9,LOCID000049
1985,2,LOCID000049
1986,5,LOCID000049
1987,7,LOCID000049
1988,3,LOCID000049
1989,2,LOCID000049
1990,5,LOCID000049
1991,4,LOCID000049
1992,-99.9,LOCID000049
1993,-99.9,LOCID000049
1994,-99.9,LOCID000049
1995,2,LOCID000049
1996,6,LOCID000049
1997,-99.9,LOCID000049
1998,-99.9,LOCID000049
1999,-99.9,LOCID000049
2000,2,LOCID000049
2001,3,LOCID000049
2002,4,LOCID000049
2003,5,LOCID000049
2004,4,LOCID000049
1879,4,LOCID000048
1880,12,LOCID000048
1881,7,LOCID000048
1882,10,LOCID000048
1883,6,LOCID000048
1884,4,LOCID000048
1885,9,LOCID000048
1886,7,LOCID000048
1887,1,LOCID000048
1888,10,LOCID000048
1889,9,LOCID000048
1890,9,LOCID000048
1891,2,LOCID000048
1892,9,LOCID000048
1893,3,LOCID000048
1894,6,LOCID000048
1895,6,LOCID000048
1896,11,LOCID000048
1897,11,LOCID000048
1898,7,LOCID000048
1899,11,LOCID000048
1900,8,LOCID000048
1901,5,LOCID000048
1902,3,LOCID000048
1903,8,LOCID000048
1904,8,LOCID000048
1905,7,LOCID000048
1906,7,LOCID000048
1907,6,LOCID000048
1908,6,LOCID000048
1909,14,LOCID000048
1910,7,LOCID000048
1911,4,LOCID000048
1912,10,LOCID000048
1913,6,LOCID000048
1914,3,LOCID000048
1915,9,LOCID000048
1916,7,LOCID000048
1917,13,LOCID000048
1918,5,LOCID000048
1919,7,LOCID000048
1920,10,LOCID000048
1921,7,LOCID000048
1922,10,LOCID000048
1923,4,LOCID000048
1924,6,LOCID000048
1925,10,LOCID000048
1926,11,LOCID000048
1927,6,LOCID000048
1928,5,LOCID000048
1929,5,LOCID000048
1930,13,LOCID000048
1931,10,LOCID000048
1932,5,LOCID000048
1933,8,LOCID000048
1934,10,LOCID000048
1935,4,LOCID000048
1936,8,LOCID000048
1937,8,LOCID000048
1938,6,LOCID000048
1939,12,LOCID000048
1940,12,LOCID000048
1941,8,LOCID000048
1942,7,LOCID000048
1943,6,LOCID000048
1944,-99.9,LOCID000048
1945,-99.9,LOCID000048
1946,-99.9,LOCID000048
1947,-99.9,LOCID000048
1948,8,LOCID000048
1949,9,LOCID000048
1950,8,LOCID000048
1951,8,LOCID000048
1952,4,LOCID000048
1953,10,LOCID000048
1954,11,LOCID000048
1955,9,LOCID000048
1956,6,LOCID000048
1957,8,LOCID000048
1958,5,LOCID000048
1959,7,LOCID000048
1960,5,LOCID000048
1961,7,LOCID000048
1962,8,LOCID000048
1963,6,LOCID000048
1964,10,LOCID000048
1965,8,LOCID000048
1966,10,LOCID000048
1967,6,LOCID000048
1968,7,LOCID000048
1969,4,LOCID000048
1970,7,LOCID000048
1971,7,LOCID000048
1972,7,LOCID000048
1973,3,LOCID000048
1974,6,LOCID000048
1975,10,LOCID000048
1976,10,LOCID000048
1977,11,LOCID000048
1978,5,LOCID000048
1979,12,LOCID000048
1980,12,LOCID000048
1981,12,LOCID000048
1982,7,LOCID000048
1983,9,LOCID000048
1984,6,LOCID000048
1985,9,LOCID000048
1986,5,LOCID000048
1987,11,LOCID000048
1988,10,LOCID000048
1989,10,LOCID000048
1990,10,LOCID000048
1991,9,LOCID000048
1992,7,LOCID000048
1993,10,LOCID000048
1994,7,LOCID000048
1995,10,LOCID000048
1996,6,LOCID000048
1997,6,LOCID000048
1998,8,LOCID000048
1999,8,LOCID000048
2000,10,LOCID000048
2001,7,LOCID000048
2002,15,LOCID000048
2003,8,LOCID000048
2004,5,LOCID000048
1901,2,61700001474
1902,1,61700001474
1903,5,61700001474
1904,0,61700001474
1905,4,61700001474
1906,3,61700001474
1907,0,61700001474
1908,3,61700001474
1909,6,61700001474
1910,4,61700001474
1911,0,61700001474
1912,5,61700001474
1913,3,61700001474
1914,6,61700001474
1915,2,61700001474
1916,1,61700001474
1917,2,61700001474
1918,1,61700001474
1919,1,61700001474
1920,2,61700001474
1921,1,61700001474
1922,1,61700001474
1923,1,61700001474
1924,0,61700001474
1925,1,61700001474
1926,2,61700001474
1927,3,61700001474
1928,1,61700001474
1929,1,61700001474
1930,3,61700001474
1931,3,61700001474
1932,3,61700001474
1933,1,61700001474
1934,1,61700001474
1935,2,61700001474
1936,3,61700001474
1937,2,61700001474
1938,5,61700001474
1939,5,61700001474
1940,4,61700001474
1941,3,61700001474
1942,3,61700001474
1943,0,61700001474
1944,1,61700001474
1945,-99.9,61700001474
1946,3,61700001474
1947,3,61700001474
1948,4,61700001474
1949,5,61700001474
1950,3,61700001474
1951,5,61700001474
1952,3,61700001474
1953,3,61700001474
1954,3,61700001474
1955,7,61700001474
1956,4,61700001474
1957,4,61700001474
1958,4,61700001474
1959,1,61700001474
1960,4,61700001474
1961,4,61700001474
1962,2,61700001474
1963,2,61700001474
1964,1,61700001474
1965,5,61700001474
1966,5,61700001474
1967,4,61700001474
1968,6,61700001474
1969,2,61700001474
1970,2,61700001474
1971,4,61700001474
1972,4,61700001474
1973,0,61700001474
1974,3,61700001474
1975,2,61700001474
1976,1,61700001474
1977,2,61700001474
1978,2,61700001474
1979,2,61700001474
1980,1,61700001474
1981,6,61700001474
1982,2,61700001474
1983,1,61700001474
1984,1,61700001474
1985,1,61700001474
1986,1,61700001474
1987,0,61700001474
1988,2,61700001474
1989,5,61700001474
1990,2,61700001474
1991,3,61700001474
1992,3,61700001474
1993,7,61700001474
1994,3,61700001474
1995,4,61700001474
1996,2,61700001474
1997,2,61700001474
1998,3,61700001474
1999,0,61700001474
1891,3,61700010147
1892,1,61700010147
1893,2,61700010147
1894,5,61700010147
1895,2,61700010147
1896,4,61700010147
1897,3,61700010147
1898,3,61700010147
1899,1,61700010147
1900,4,61700010147
1901,5,61700010147
1902,1,61700010147
1903,4,61700010147
1904,1,61700010147
1905,5,61700010147
1906,5,61700010147
1907,2,61700010147
1908,3,61700010147
1909,3,61700010147
1910,4,61700010147
1911,3,61700010147
1912,4,61700010147
1913,2,61700010147
1914,7,61700010147
1915,4,61700010147
1916,6,61700010147
1917,2,61700010147
1918,7,61700010147
1919,0,61700010147
1920,2,61700010147
1921,6,61700010147
1922,4,61700010147
1923,2,61700010147
1924,4,61700010147
1925,5,61700010147
1926,4,61700010147
1927,5,61700010147
1928,6,61700010147
1929,3,61700010147
1930,7,61700010147
1931,9,61700010147
1932,2,61700010147
1933,2,61700010147
1934,1,61700010147
1935,2,61700010147
1936,3,61700010147
1937,4,61700010147
1938,1,61700010147
1939,5,61700010147
1940,1,61700010147
1941,3,61700010147
1942,4,61700010147
1943,2,61700010147
1944,0,61700010147
1945,4,61700010147
1946,5,61700010147
1947,4,61700010147
1948,5,61700010147
1949,6,61700010147
1950,5,61700010147
1951,5,61700010147
1952,0,61700010147
1953,2,61700010147
1954,9,61700010147
1955,4,61700010147
1956,1,61700010147
1957,2,61700010147
1958,4,61700010147
1959,1,61700010147
1960,7,61700010147
1961,6,61700010147
1962,2,61700010147
1963,4,61700010147
1964,0,61700010147
1965,7,61700010147
1966,5,61700010147
1967,4,61700010147
1968,5,61700010147
1969,5,61700010147
1970,4,61700010147
1971,2,61700010147
1972,1,61700010147
1973,2,61700010147
1974,4,61700010147
1975,2,61700010147
1976,1,61700010147
1977,2,61700010147
1978,4,61700010147
1979,1,61700010147
1980,5,61700010147
1981,6,61700010147
1982,3,61700010147
1983,4,61700010147
1984,5,61700010147
1985,2,61700010147
1986,5,61700010147
1987,3,61700010147
1988,2,61700010147
1989,4,61700010147
1990,8,61700010147
1991,4,61700010147
1992,5,61700010147
1993,6,61700010147
1994,4,61700010147
1995,2,61700010147
1996,2,61700010147
1997,3,61700010147
1998,7,61700010147
1999,1,61700010147